latitude,longitude,HYBAS_ID,DIST_SINK,DIST_MAIN,SUB_AREA,SORT,dis_m3_pyr,dis_m3_pmn,dis_m3_pmx,run_mm_syr,inu_pc_smn,inu_pc_umn,inu_pc_smx,inu_pc_umx,inu_pc_slt,inu_pc_ult,lka_pc_sse,lka_pc_use,lkv_mc_usu,rev_mc_usu,dor_pc_pva,ria_ha_ssu,ria_ha_usu,riv_tc_ssu,riv_tc_usu,gwt_cm_sav,ele_mt_sav,ele_mt_uav,ele_mt_smn,ele_mt_smx,slp_dg_sav,slp_dg_uav,sgr_dk_sav,clz_cl_smj,cls_cl_smj,tmp_dc_syr,tmp_dc_uyr,tmp_dc_smn,tmp_dc_smx,tmp_dc_s01,tmp_dc_s02,tmp_dc_s03,tmp_dc_s04,tmp_dc_s05,tmp_dc_s06,tmp_dc_s07,tmp_dc_s08,tmp_dc_s09,tmp_dc_s10,tmp_dc_s11,tmp_dc_s12,pre_mm_syr,pre_mm_uyr,pre_mm_s01,pre_mm_s02,pre_mm_s03,pre_mm_s04,pre_mm_s05,pre_mm_s06,pre_mm_s07,pre_mm_s08,pre_mm_s09,pre_mm_s10,pre_mm_s11,pre_mm_s12,pet_mm_syr,pet_mm_uyr,pet_mm_s01,pet_mm_s02,pet_mm_s03,pet_mm_s04,pet_mm_s05,pet_mm_s06,pet_mm_s07,pet_mm_s08,pet_mm_s09,pet_mm_s10,pet_mm_s11,pet_mm_s12,aet_mm_syr,aet_mm_uyr,aet_mm_s01,aet_mm_s02,aet_mm_s03,aet_mm_s04,aet_mm_s05,aet_mm_s06,aet_mm_s07,aet_mm_s08,aet_mm_s09,aet_mm_s10,aet_mm_s11,aet_mm_s12,ari_ix_sav,ari_ix_uav,cmi_ix_syr,cmi_ix_uyr,cmi_ix_s01,cmi_ix_s02,cmi_ix_s03,cmi_ix_s04,cmi_ix_s05,cmi_ix_s06,cmi_ix_s07,cmi_ix_s08,cmi_ix_s09,cmi_ix_s10,cmi_ix_s11,cmi_ix_s12,snw_pc_syr,snw_pc_uyr,snw_pc_smx,snw_pc_s01,snw_pc_s02,snw_pc_s03,snw_pc_s04,snw_pc_s05,snw_pc_s06,snw_pc_s07,snw_pc_s08,snw_pc_s09,snw_pc_s10,snw_pc_s11,snw_pc_s12,glc_cl_smj,glc_pc_s01,glc_pc_s02,glc_pc_s03,glc_pc_s04,glc_pc_s05,glc_pc_s06,glc_pc_s07,glc_pc_s08,glc_pc_s09,glc_pc_s10,glc_pc_s11,glc_pc_s12,glc_pc_s13,glc_pc_s14,glc_pc_s15,glc_pc_s16,glc_pc_s17,glc_pc_s18,glc_pc_s19,glc_pc_s20,glc_pc_s21,glc_pc_s22,glc_pc_u01,glc_pc_u02,glc_pc_u03,glc_pc_u04,glc_pc_u05,glc_pc_u06,glc_pc_u07,glc_pc_u08,glc_pc_u09,glc_pc_u10,glc_pc_u11,glc_pc_u12,glc_pc_u13,glc_pc_u14,glc_pc_u15,glc_pc_u16,glc_pc_u17,glc_pc_u18,glc_pc_u19,glc_pc_u20,glc_pc_u21,glc_pc_u22,pnv_cl_smj,pnv_pc_s01,pnv_pc_s02,pnv_pc_s03,pnv_pc_s04,pnv_pc_s05,pnv_pc_s06,pnv_pc_s07,pnv_pc_s08,pnv_pc_s09,pnv_pc_s10,pnv_pc_s11,pnv_pc_s12,pnv_pc_s13,pnv_pc_s14,pnv_pc_s15,pnv_pc_u01,pnv_pc_u02,pnv_pc_u03,pnv_pc_u04,pnv_pc_u05,pnv_pc_u06,pnv_pc_u07,pnv_pc_u08,pnv_pc_u09,pnv_pc_u10,pnv_pc_u11,pnv_pc_u12,pnv_pc_u13,pnv_pc_u14,pnv_pc_u15,wet_cl_smj,wet_pc_sg1,wet_pc_ug1,wet_pc_sg2,wet_pc_ug2,wet_pc_s01,wet_pc_s02,wet_pc_s03,wet_pc_s04,wet_pc_s05,wet_pc_s06,wet_pc_s07,wet_pc_s08,wet_pc_s09,wet_pc_u01,wet_pc_u04,wet_pc_u05,wet_pc_u06,wet_pc_u07,wet_pc_u08,wet_pc_u09,for_pc_use,crp_pc_sse,crp_pc_use,pst_pc_sse,pst_pc_use,ire_pc_sse,ire_pc_use,gla_pc_sse,gla_pc_use,prm_pc_sse,prm_pc_use,pac_pc_sse,pac_pc_use,tbi_cl_smj,tec_cl_smj,fmh_cl_smj,fec_cl_smj,cly_pc_sav,cly_pc_uav,slt_pc_sav,slt_pc_uav,snd_pc_sav,snd_pc_uav,soc_th_sav,soc_th_uav,swc_pc_syr,swc_pc_uyr,swc_pc_s01,swc_pc_s02,swc_pc_s03,swc_pc_s04,swc_pc_s05,swc_pc_s06,swc_pc_s07,swc_pc_s08,swc_pc_s09,swc_pc_s10,swc_pc_s11,swc_pc_s12,lit_cl_smj,kar_pc_sse,kar_pc_use,ero_kh_sav,ero_kh_uav,pop_ct_ssu,pop_ct_usu,ppd_pk_sav,ppd_pk_uav,urb_pc_sse,urb_pc_use,nli_ix_sav,nli_ix_uav,rdd_mk_sav,rdd_mk_uav,hft_ix_s93,hft_ix_u93,hft_ix_s09,hft_ix_u09,gad_id_smj,gdp_ud_sav,gdp_ud_ssu,gdp_ud_usu,hdi_ix_sav,FID_1,RR,Area
-25.02081298828125,24.6251220703125,1061548260,788.8,788.8,2565.2,563,52.317,8.571,276.236,14,1,0,1,0,2,1,1,1,1500,1322,801,363.908,9931.906,6013.848,74578.75,456,654,1047,516,905,11,16,44,13,100,215,198,149,261,261,254,240,218,180,150,150,176,210,239,250,258,356,492,75,59,36,24,6,3,1,1,9,24,53,64,1790,1693,194,158,160,130,111,92,101,125,154,181,183,201,299,415,46,42,41,30,21,14,12,11,11,14,23,36,20,29,-80,-71,-61,-62,-77,-81,-95,-96,-99,-99,-94,-87,-71,-68,0,0,0,0,0,0,0,0,0,0,0,0,0,0,0,12,0,1,7,0,0,0,0,0,0,0,0,57,0,0,0,35,0,0,0,0,0,0,0,1,17,0,0,0,0,0,0,0,0,23,15,0,0,43,0,0,0,0,0,1,9,0,0,0,0,0,0,0,0,100,0,0,0,0,0,0,0,0,0,0,0,0,0,0,92,3,0,6,0,0,0,4,2,0,2,0,0,0,0,2,0,0,0,0,0,0,0,0,0,0,0,0,17,19,11,60,43,1,1,0,0,0,0,35,9,7,65,8,576,25,24,18,16,57,60,12,12,16,24,22,26,26,23,19,15,12,9,7,7,11,17,3,0,35,868,2899,5.411,8948.028,2.103,57.653,0,3,89,400,369,318,62,76,66,78,209,14126,59000224,147736969216,633,2.0,Upper Limpopo,0.0
-26.02081298828125,25.6251220703125,1061548260,788.8,788.8,2565.2,563,52.317,8.571,276.236,14,1,0,1,0,2,1,1,1,1500,1322,801,363.908,9931.906,6013.848,74578.75,456,654,1047,516,905,11,16,44,13,100,215,198,149,261,261,254,240,218,180,150,150,176,210,239,250,258,356,492,75,59,36,24,6,3,1,1,9,24,53,64,1790,1693,194,158,160,130,111,92,101,125,154,181,183,201,299,415,46,42,41,30,21,14,12,11,11,14,23,36,20,29,-80,-71,-61,-62,-77,-81,-95,-96,-99,-99,-94,-87,-71,-68,0,0,0,0,0,0,0,0,0,0,0,0,0,0,0,12,0,1,7,0,0,0,0,0,0,0,0,57,0,0,0,35,0,0,0,0,0,0,0,1,17,0,0,0,0,0,0,0,0,23,15,0,0,43,0,0,0,0,0,1,9,0,0,0,0,0,0,0,0,100,0,0,0,0,0,0,0,0,0,0,0,0,0,0,92,3,0,6,0,0,0,4,2,0,2,0,0,0,0,2,0,0,0,0,0,0,0,0,0,0,0,0,17,19,11,60,43,1,1,0,0,0,0,35,9,7,65,8,576,25,24,18,16,57,60,12,12,16,24,22,26,26,23,19,15,12,9,7,7,11,17,3,0,35,868,2899,5.411,8948.028,2.103,57.653,0,3,89,400,369,318,62,76,66,78,209,14126,59000224,147736969216,633,2.0,Upper Limpopo,0.0
-25.02081298828125,25.6251220703125,1061548260,788.8,788.8,2565.2,563,52.317,8.571,276.236,14,1,0,1,0,2,1,1,1,1500,1322,801,363.908,9931.906,6013.848,74578.75,456,654,1047,516,905,11,16,44,13,100,215,198,149,261,261,254,240,218,180,150,150,176,210,239,250,258,356,492,75,59,36,24,6,3,1,1,9,24,53,64,1790,1693,194,158,160,130,111,92,101,125,154,181,183,201,299,415,46,42,41,30,21,14,12,11,11,14,23,36,20,29,-80,-71,-61,-62,-77,-81,-95,-96,-99,-99,-94,-87,-71,-68,0,0,0,0,0,0,0,0,0,0,0,0,0,0,0,12,0,1,7,0,0,0,0,0,0,0,0,57,0,0,0,35,0,0,0,0,0,0,0,1,17,0,0,0,0,0,0,0,0,23,15,0,0,43,0,0,0,0,0,1,9,0,0,0,0,0,0,0,0,100,0,0,0,0,0,0,0,0,0,0,0,0,0,0,92,3,0,6,0,0,0,4,2,0,2,0,0,0,0,2,0,0,0,0,0,0,0,0,0,0,0,0,17,19,11,60,43,1,1,0,0,0,0,35,9,7,65,8,576,25,24,18,16,57,60,12,12,16,24,22,26,26,23,19,15,12,9,7,7,11,17,3,0,35,868,2899,5.411,8948.028,2.103,57.653,0,3,89,400,369,318,62,76,66,78,209,14126,59000224,147736969216,633,2.0,Upper Limpopo,0.0
-24.02081298828125,25.6251220703125,1061548260,788.8,788.8,2565.2,563,52.317,8.571,276.236,14,1,0,1,0,2,1,1,1,1500,1322,801,363.908,9931.906,6013.848,74578.75,456,654,1047,516,905,11,16,44,13,100,215,198,149,261,261,254,240,218,180,150,150,176,210,239,250,258,356,492,75,59,36,24,6,3,1,1,9,24,53,64,1790,1693,194,158,160,130,111,92,101,125,154,181,183,201,299,415,46,42,41,30,21,14,12,11,11,14,23,36,20,29,-80,-71,-61,-62,-77,-81,-95,-96,-99,-99,-94,-87,-71,-68,0,0,0,0,0,0,0,0,0,0,0,0,0,0,0,12,0,1,7,0,0,0,0,0,0,0,0,57,0,0,0,35,0,0,0,0,0,0,0,1,17,0,0,0,0,0,0,0,0,23,15,0,0,43,0,0,0,0,0,1,9,0,0,0,0,0,0,0,0,100,0,0,0,0,0,0,0,0,0,0,0,0,0,0,92,3,0,6,0,0,0,4,2,0,2,0,0,0,0,2,0,0,0,0,0,0,0,0,0,0,0,0,17,19,11,60,43,1,1,0,0,0,0,35,9,7,65,8,576,25,24,18,16,57,60,12,12,16,24,22,26,26,23,19,15,12,9,7,7,11,17,3,0,35,868,2899,5.411,8948.028,2.103,57.653,0,3,89,400,369,318,62,76,66,78,209,14126,59000224,147736969216,633,2.0,Upper Limpopo,0.0
-23.02081298828125,25.6251220703125,1061548260,788.8,788.8,2565.2,563,52.317,8.571,276.236,14,1,0,1,0,2,1,1,1,1500,1322,801,363.908,9931.906,6013.848,74578.75,456,654,1047,516,905,11,16,44,13,100,215,198,149,261,261,254,240,218,180,150,150,176,210,239,250,258,356,492,75,59,36,24,6,3,1,1,9,24,53,64,1790,1693,194,158,160,130,111,92,101,125,154,181,183,201,299,415,46,42,41,30,21,14,12,11,11,14,23,36,20,29,-80,-71,-61,-62,-77,-81,-95,-96,-99,-99,-94,-87,-71,-68,0,0,0,0,0,0,0,0,0,0,0,0,0,0,0,12,0,1,7,0,0,0,0,0,0,0,0,57,0,0,0,35,0,0,0,0,0,0,0,1,17,0,0,0,0,0,0,0,0,23,15,0,0,43,0,0,0,0,0,1,9,0,0,0,0,0,0,0,0,100,0,0,0,0,0,0,0,0,0,0,0,0,0,0,92,3,0,6,0,0,0,4,2,0,2,0,0,0,0,2,0,0,0,0,0,0,0,0,0,0,0,0,17,19,11,60,43,1,1,0,0,0,0,35,9,7,65,8,576,25,24,18,16,57,60,12,12,16,24,22,26,26,23,19,15,12,9,7,7,11,17,3,0,35,868,2899,5.411,8948.028,2.103,57.653,0,3,89,400,369,318,62,76,66,78,209,14126,59000224,147736969216,633,2.0,Upper Limpopo,0.0
-25.02081298828125,26.6251220703125,1061548260,788.8,788.8,2565.2,563,52.317,8.571,276.236,14,1,0,1,0,2,1,1,1,1500,1322,801,363.908,9931.906,6013.848,74578.75,456,654,1047,516,905,11,16,44,13,100,215,198,149,261,261,254,240,218,180,150,150,176,210,239,250,258,356,492,75,59,36,24,6,3,1,1,9,24,53,64,1790,1693,194,158,160,130,111,92,101,125,154,181,183,201,299,415,46,42,41,30,21,14,12,11,11,14,23,36,20,29,-80,-71,-61,-62,-77,-81,-95,-96,-99,-99,-94,-87,-71,-68,0,0,0,0,0,0,0,0,0,0,0,0,0,0,0,12,0,1,7,0,0,0,0,0,0,0,0,57,0,0,0,35,0,0,0,0,0,0,0,1,17,0,0,0,0,0,0,0,0,23,15,0,0,43,0,0,0,0,0,1,9,0,0,0,0,0,0,0,0,100,0,0,0,0,0,0,0,0,0,0,0,0,0,0,92,3,0,6,0,0,0,4,2,0,2,0,0,0,0,2,0,0,0,0,0,0,0,0,0,0,0,0,17,19,11,60,43,1,1,0,0,0,0,35,9,7,65,8,576,25,24,18,16,57,60,12,12,16,24,22,26,26,23,19,15,12,9,7,7,11,17,3,0,35,868,2899,5.411,8948.028,2.103,57.653,0,3,89,400,369,318,62,76,66,78,209,14126,59000224,147736969216,633,2.0,Upper Limpopo,0.0
-24.02081298828125,26.6251220703125,1061548260,788.8,788.8,2565.2,563,52.317,8.571,276.236,14,1,0,1,0,2,1,1,1,1500,1322,801,363.908,9931.906,6013.848,74578.75,456,654,1047,516,905,11,16,44,13,100,215,198,149,261,261,254,240,218,180,150,150,176,210,239,250,258,356,492,75,59,36,24,6,3,1,1,9,24,53,64,1790,1693,194,158,160,130,111,92,101,125,154,181,183,201,299,415,46,42,41,30,21,14,12,11,11,14,23,36,20,29,-80,-71,-61,-62,-77,-81,-95,-96,-99,-99,-94,-87,-71,-68,0,0,0,0,0,0,0,0,0,0,0,0,0,0,0,12,0,1,7,0,0,0,0,0,0,0,0,57,0,0,0,35,0,0,0,0,0,0,0,1,17,0,0,0,0,0,0,0,0,23,15,0,0,43,0,0,0,0,0,1,9,0,0,0,0,0,0,0,0,100,0,0,0,0,0,0,0,0,0,0,0,0,0,0,92,3,0,6,0,0,0,4,2,0,2,0,0,0,0,2,0,0,0,0,0,0,0,0,0,0,0,0,17,19,11,60,43,1,1,0,0,0,0,35,9,7,65,8,576,25,24,18,16,57,60,12,12,16,24,22,26,26,23,19,15,12,9,7,7,11,17,3,0,35,868,2899,5.411,8948.028,2.103,57.653,0,3,89,400,369,318,62,76,66,78,209,14126,59000224,147736969216,633,2.0,Upper Limpopo,0.0
-23.02081298828125,26.6251220703125,1061548260,788.8,788.8,2565.2,563,52.317,8.571,276.236,14,1,0,1,0,2,1,1,1,1500,1322,801,363.908,9931.906,6013.848,74578.75,456,654,1047,516,905,11,16,44,13,100,215,198,149,261,261,254,240,218,180,150,150,176,210,239,250,258,356,492,75,59,36,24,6,3,1,1,9,24,53,64,1790,1693,194,158,160,130,111,92,101,125,154,181,183,201,299,415,46,42,41,30,21,14,12,11,11,14,23,36,20,29,-80,-71,-61,-62,-77,-81,-95,-96,-99,-99,-94,-87,-71,-68,0,0,0,0,0,0,0,0,0,0,0,0,0,0,0,12,0,1,7,0,0,0,0,0,0,0,0,57,0,0,0,35,0,0,0,0,0,0,0,1,17,0,0,0,0,0,0,0,0,23,15,0,0,43,0,0,0,0,0,1,9,0,0,0,0,0,0,0,0,100,0,0,0,0,0,0,0,0,0,0,0,0,0,0,92,3,0,6,0,0,0,4,2,0,2,0,0,0,0,2,0,0,0,0,0,0,0,0,0,0,0,0,17,19,11,60,43,1,1,0,0,0,0,35,9,7,65,8,576,25,24,18,16,57,60,12,12,16,24,22,26,26,23,19,15,12,9,7,7,11,17,3,0,35,868,2899,5.411,8948.028,2.103,57.653,0,3,89,400,369,318,62,76,66,78,209,14126,59000224,147736969216,633,2.0,Upper Limpopo,0.0
-22.02081298828125,26.6251220703125,1061548260,788.8,788.8,2565.2,563,52.317,8.571,276.236,14,1,0,1,0,2,1,1,1,1500,1322,801,363.908,9931.906,6013.848,74578.75,456,654,1047,516,905,11,16,44,13,100,215,198,149,261,261,254,240,218,180,150,150,176,210,239,250,258,356,492,75,59,36,24,6,3,1,1,9,24,53,64,1790,1693,194,158,160,130,111,92,101,125,154,181,183,201,299,415,46,42,41,30,21,14,12,11,11,14,23,36,20,29,-80,-71,-61,-62,-77,-81,-95,-96,-99,-99,-94,-87,-71,-68,0,0,0,0,0,0,0,0,0,0,0,0,0,0,0,12,0,1,7,0,0,0,0,0,0,0,0,57,0,0,0,35,0,0,0,0,0,0,0,1,17,0,0,0,0,0,0,0,0,23,15,0,0,43,0,0,0,0,0,1,9,0,0,0,0,0,0,0,0,100,0,0,0,0,0,0,0,0,0,0,0,0,0,0,92,3,0,6,0,0,0,4,2,0,2,0,0,0,0,2,0,0,0,0,0,0,0,0,0,0,0,0,17,19,11,60,43,1,1,0,0,0,0,35,9,7,65,8,576,25,24,18,16,57,60,12,12,16,24,22,26,26,23,19,15,12,9,7,7,11,17,3,0,35,868,2899,5.411,8948.028,2.103,57.653,0,3,89,400,369,318,62,76,66,78,209,14126,59000224,147736969216,633,2.0,Upper Limpopo,0.0
-21.02081298828125,26.6251220703125,1061548260,788.8,788.8,2565.2,563,52.317,8.571,276.236,14,1,0,1,0,2,1,1,1,1500,1322,801,363.908,9931.906,6013.848,74578.75,456,654,1047,516,905,11,16,44,13,100,215,198,149,261,261,254,240,218,180,150,150,176,210,239,250,258,356,492,75,59,36,24,6,3,1,1,9,24,53,64,1790,1693,194,158,160,130,111,92,101,125,154,181,183,201,299,415,46,42,41,30,21,14,12,11,11,14,23,36,20,29,-80,-71,-61,-62,-77,-81,-95,-96,-99,-99,-94,-87,-71,-68,0,0,0,0,0,0,0,0,0,0,0,0,0,0,0,12,0,1,7,0,0,0,0,0,0,0,0,57,0,0,0,35,0,0,0,0,0,0,0,1,17,0,0,0,0,0,0,0,0,23,15,0,0,43,0,0,0,0,0,1,9,0,0,0,0,0,0,0,0,100,0,0,0,0,0,0,0,0,0,0,0,0,0,0,92,3,0,6,0,0,0,4,2,0,2,0,0,0,0,2,0,0,0,0,0,0,0,0,0,0,0,0,17,19,11,60,43,1,1,0,0,0,0,35,9,7,65,8,576,25,24,18,16,57,60,12,12,16,24,22,26,26,23,19,15,12,9,7,7,11,17,3,0,35,868,2899,5.411,8948.028,2.103,57.653,0,3,89,400,369,318,62,76,66,78,209,14126,59000224,147736969216,633,2.0,Upper Limpopo,0.0
-25.02081298828125,27.6251220703125,1061548260,788.8,788.8,2565.2,563,52.317,8.571,276.236,14,1,0,1,0,2,1,1,1,1500,1322,801,363.908,9931.906,6013.848,74578.75,456,654,1047,516,905,11,16,44,13,100,215,198,149,261,261,254,240,218,180,150,150,176,210,239,250,258,356,492,75,59,36,24,6,3,1,1,9,24,53,64,1790,1693,194,158,160,130,111,92,101,125,154,181,183,201,299,415,46,42,41,30,21,14,12,11,11,14,23,36,20,29,-80,-71,-61,-62,-77,-81,-95,-96,-99,-99,-94,-87,-71,-68,0,0,0,0,0,0,0,0,0,0,0,0,0,0,0,12,0,1,7,0,0,0,0,0,0,0,0,57,0,0,0,35,0,0,0,0,0,0,0,1,17,0,0,0,0,0,0,0,0,23,15,0,0,43,0,0,0,0,0,1,9,0,0,0,0,0,0,0,0,100,0,0,0,0,0,0,0,0,0,0,0,0,0,0,92,3,0,6,0,0,0,4,2,0,2,0,0,0,0,2,0,0,0,0,0,0,0,0,0,0,0,0,17,19,11,60,43,1,1,0,0,0,0,35,9,7,65,8,576,25,24,18,16,57,60,12,12,16,24,22,26,26,23,19,15,12,9,7,7,11,17,3,0,35,868,2899,5.411,8948.028,2.103,57.653,0,3,89,400,369,318,62,76,66,78,209,14126,59000224,147736969216,633,2.0,Upper Limpopo,0.0
-24.02081298828125,27.6251220703125,1061548260,788.8,788.8,2565.2,563,52.317,8.571,276.236,14,1,0,1,0,2,1,1,1,1500,1322,801,363.908,9931.906,6013.848,74578.75,456,654,1047,516,905,11,16,44,13,100,215,198,149,261,261,254,240,218,180,150,150,176,210,239,250,258,356,492,75,59,36,24,6,3,1,1,9,24,53,64,1790,1693,194,158,160,130,111,92,101,125,154,181,183,201,299,415,46,42,41,30,21,14,12,11,11,14,23,36,20,29,-80,-71,-61,-62,-77,-81,-95,-96,-99,-99,-94,-87,-71,-68,0,0,0,0,0,0,0,0,0,0,0,0,0,0,0,12,0,1,7,0,0,0,0,0,0,0,0,57,0,0,0,35,0,0,0,0,0,0,0,1,17,0,0,0,0,0,0,0,0,23,15,0,0,43,0,0,0,0,0,1,9,0,0,0,0,0,0,0,0,100,0,0,0,0,0,0,0,0,0,0,0,0,0,0,92,3,0,6,0,0,0,4,2,0,2,0,0,0,0,2,0,0,0,0,0,0,0,0,0,0,0,0,17,19,11,60,43,1,1,0,0,0,0,35,9,7,65,8,576,25,24,18,16,57,60,12,12,16,24,22,26,26,23,19,15,12,9,7,7,11,17,3,0,35,868,2899,5.411,8948.028,2.103,57.653,0,3,89,400,369,318,62,76,66,78,209,14126,59000224,147736969216,633,2.0,Upper Limpopo,0.0
-23.02081298828125,27.6251220703125,1061548260,788.8,788.8,2565.2,563,52.317,8.571,276.236,14,1,0,1,0,2,1,1,1,1500,1322,801,363.908,9931.906,6013.848,74578.75,456,654,1047,516,905,11,16,44,13,100,215,198,149,261,261,254,240,218,180,150,150,176,210,239,250,258,356,492,75,59,36,24,6,3,1,1,9,24,53,64,1790,1693,194,158,160,130,111,92,101,125,154,181,183,201,299,415,46,42,41,30,21,14,12,11,11,14,23,36,20,29,-80,-71,-61,-62,-77,-81,-95,-96,-99,-99,-94,-87,-71,-68,0,0,0,0,0,0,0,0,0,0,0,0,0,0,0,12,0,1,7,0,0,0,0,0,0,0,0,57,0,0,0,35,0,0,0,0,0,0,0,1,17,0,0,0,0,0,0,0,0,23,15,0,0,43,0,0,0,0,0,1,9,0,0,0,0,0,0,0,0,100,0,0,0,0,0,0,0,0,0,0,0,0,0,0,92,3,0,6,0,0,0,4,2,0,2,0,0,0,0,2,0,0,0,0,0,0,0,0,0,0,0,0,17,19,11,60,43,1,1,0,0,0,0,35,9,7,65,8,576,25,24,18,16,57,60,12,12,16,24,22,26,26,23,19,15,12,9,7,7,11,17,3,0,35,868,2899,5.411,8948.028,2.103,57.653,0,3,89,400,369,318,62,76,66,78,209,14126,59000224,147736969216,633,2.0,Upper Limpopo,0.0
-22.02081298828125,27.6251220703125,1061548260,788.8,788.8,2565.2,563,52.317,8.571,276.236,14,1,0,1,0,2,1,1,1,1500,1322,801,363.908,9931.906,6013.848,74578.75,456,654,1047,516,905,11,16,44,13,100,215,198,149,261,261,254,240,218,180,150,150,176,210,239,250,258,356,492,75,59,36,24,6,3,1,1,9,24,53,64,1790,1693,194,158,160,130,111,92,101,125,154,181,183,201,299,415,46,42,41,30,21,14,12,11,11,14,23,36,20,29,-80,-71,-61,-62,-77,-81,-95,-96,-99,-99,-94,-87,-71,-68,0,0,0,0,0,0,0,0,0,0,0,0,0,0,0,12,0,1,7,0,0,0,0,0,0,0,0,57,0,0,0,35,0,0,0,0,0,0,0,1,17,0,0,0,0,0,0,0,0,23,15,0,0,43,0,0,0,0,0,1,9,0,0,0,0,0,0,0,0,100,0,0,0,0,0,0,0,0,0,0,0,0,0,0,92,3,0,6,0,0,0,4,2,0,2,0,0,0,0,2,0,0,0,0,0,0,0,0,0,0,0,0,17,19,11,60,43,1,1,0,0,0,0,35,9,7,65,8,576,25,24,18,16,57,60,12,12,16,24,22,26,26,23,19,15,12,9,7,7,11,17,3,0,35,868,2899,5.411,8948.028,2.103,57.653,0,3,89,400,369,318,62,76,66,78,209,14126,59000224,147736969216,633,2.0,Upper Limpopo,0.0
-21.02081298828125,27.6251220703125,1061548260,788.8,788.8,2565.2,563,52.317,8.571,276.236,14,1,0,1,0,2,1,1,1,1500,1322,801,363.908,9931.906,6013.848,74578.75,456,654,1047,516,905,11,16,44,13,100,215,198,149,261,261,254,240,218,180,150,150,176,210,239,250,258,356,492,75,59,36,24,6,3,1,1,9,24,53,64,1790,1693,194,158,160,130,111,92,101,125,154,181,183,201,299,415,46,42,41,30,21,14,12,11,11,14,23,36,20,29,-80,-71,-61,-62,-77,-81,-95,-96,-99,-99,-94,-87,-71,-68,0,0,0,0,0,0,0,0,0,0,0,0,0,0,0,12,0,1,7,0,0,0,0,0,0,0,0,57,0,0,0,35,0,0,0,0,0,0,0,1,17,0,0,0,0,0,0,0,0,23,15,0,0,43,0,0,0,0,0,1,9,0,0,0,0,0,0,0,0,100,0,0,0,0,0,0,0,0,0,0,0,0,0,0,92,3,0,6,0,0,0,4,2,0,2,0,0,0,0,2,0,0,0,0,0,0,0,0,0,0,0,0,17,19,11,60,43,1,1,0,0,0,0,35,9,7,65,8,576,25,24,18,16,57,60,12,12,16,24,22,26,26,23,19,15,12,9,7,7,11,17,3,0,35,868,2899,5.411,8948.028,2.103,57.653,0,3,89,400,369,318,62,76,66,78,209,14126,59000224,147736969216,633,2.0,Upper Limpopo,0.0
-20.02081298828125,27.6251220703125,1061548260,788.8,788.8,2565.2,563,52.317,8.571,276.236,14,1,0,1,0,2,1,1,1,1500,1322,801,363.908,9931.906,6013.848,74578.75,456,654,1047,516,905,11,16,44,13,100,215,198,149,261,261,254,240,218,180,150,150,176,210,239,250,258,356,492,75,59,36,24,6,3,1,1,9,24,53,64,1790,1693,194,158,160,130,111,92,101,125,154,181,183,201,299,415,46,42,41,30,21,14,12,11,11,14,23,36,20,29,-80,-71,-61,-62,-77,-81,-95,-96,-99,-99,-94,-87,-71,-68,0,0,0,0,0,0,0,0,0,0,0,0,0,0,0,12,0,1,7,0,0,0,0,0,0,0,0,57,0,0,0,35,0,0,0,0,0,0,0,1,17,0,0,0,0,0,0,0,0,23,15,0,0,43,0,0,0,0,0,1,9,0,0,0,0,0,0,0,0,100,0,0,0,0,0,0,0,0,0,0,0,0,0,0,92,3,0,6,0,0,0,4,2,0,2,0,0,0,0,2,0,0,0,0,0,0,0,0,0,0,0,0,17,19,11,60,43,1,1,0,0,0,0,35,9,7,65,8,576,25,24,18,16,57,60,12,12,16,24,22,26,26,23,19,15,12,9,7,7,11,17,3,0,35,868,2899,5.411,8948.028,2.103,57.653,0,3,89,400,369,318,62,76,66,78,209,14126,59000224,147736969216,633,2.0,Upper Limpopo,0.0
-25.02081298828125,28.6251220703125,1061548260,788.8,788.8,2565.2,563,52.317,8.571,276.236,14,1,0,1,0,2,1,1,1,1500,1322,801,363.908,9931.906,6013.848,74578.75,456,654,1047,516,905,11,16,44,13,100,215,198,149,261,261,254,240,218,180,150,150,176,210,239,250,258,356,492,75,59,36,24,6,3,1,1,9,24,53,64,1790,1693,194,158,160,130,111,92,101,125,154,181,183,201,299,415,46,42,41,30,21,14,12,11,11,14,23,36,20,29,-80,-71,-61,-62,-77,-81,-95,-96,-99,-99,-94,-87,-71,-68,0,0,0,0,0,0,0,0,0,0,0,0,0,0,0,12,0,1,7,0,0,0,0,0,0,0,0,57,0,0,0,35,0,0,0,0,0,0,0,1,17,0,0,0,0,0,0,0,0,23,15,0,0,43,0,0,0,0,0,1,9,0,0,0,0,0,0,0,0,100,0,0,0,0,0,0,0,0,0,0,0,0,0,0,92,3,0,6,0,0,0,4,2,0,2,0,0,0,0,2,0,0,0,0,0,0,0,0,0,0,0,0,17,19,11,60,43,1,1,0,0,0,0,35,9,7,65,8,576,25,24,18,16,57,60,12,12,16,24,22,26,26,23,19,15,12,9,7,7,11,17,3,0,35,868,2899,5.411,8948.028,2.103,57.653,0,3,89,400,369,318,62,76,66,78,209,14126,59000224,147736969216,633,2.0,Upper Limpopo,0.0
-24.02081298828125,28.6251220703125,1061548260,788.8,788.8,2565.2,563,52.317,8.571,276.236,14,1,0,1,0,2,1,1,1,1500,1322,801,363.908,9931.906,6013.848,74578.75,456,654,1047,516,905,11,16,44,13,100,215,198,149,261,261,254,240,218,180,150,150,176,210,239,250,258,356,492,75,59,36,24,6,3,1,1,9,24,53,64,1790,1693,194,158,160,130,111,92,101,125,154,181,183,201,299,415,46,42,41,30,21,14,12,11,11,14,23,36,20,29,-80,-71,-61,-62,-77,-81,-95,-96,-99,-99,-94,-87,-71,-68,0,0,0,0,0,0,0,0,0,0,0,0,0,0,0,12,0,1,7,0,0,0,0,0,0,0,0,57,0,0,0,35,0,0,0,0,0,0,0,1,17,0,0,0,0,0,0,0,0,23,15,0,0,43,0,0,0,0,0,1,9,0,0,0,0,0,0,0,0,100,0,0,0,0,0,0,0,0,0,0,0,0,0,0,92,3,0,6,0,0,0,4,2,0,2,0,0,0,0,2,0,0,0,0,0,0,0,0,0,0,0,0,17,19,11,60,43,1,1,0,0,0,0,35,9,7,65,8,576,25,24,18,16,57,60,12,12,16,24,22,26,26,23,19,15,12,9,7,7,11,17,3,0,35,868,2899,5.411,8948.028,2.103,57.653,0,3,89,400,369,318,62,76,66,78,209,14126,59000224,147736969216,633,2.0,Upper Limpopo,0.0
-23.02081298828125,28.6251220703125,1061548260,788.8,788.8,2565.2,563,52.317,8.571,276.236,14,1,0,1,0,2,1,1,1,1500,1322,801,363.908,9931.906,6013.848,74578.75,456,654,1047,516,905,11,16,44,13,100,215,198,149,261,261,254,240,218,180,150,150,176,210,239,250,258,356,492,75,59,36,24,6,3,1,1,9,24,53,64,1790,1693,194,158,160,130,111,92,101,125,154,181,183,201,299,415,46,42,41,30,21,14,12,11,11,14,23,36,20,29,-80,-71,-61,-62,-77,-81,-95,-96,-99,-99,-94,-87,-71,-68,0,0,0,0,0,0,0,0,0,0,0,0,0,0,0,12,0,1,7,0,0,0,0,0,0,0,0,57,0,0,0,35,0,0,0,0,0,0,0,1,17,0,0,0,0,0,0,0,0,23,15,0,0,43,0,0,0,0,0,1,9,0,0,0,0,0,0,0,0,100,0,0,0,0,0,0,0,0,0,0,0,0,0,0,92,3,0,6,0,0,0,4,2,0,2,0,0,0,0,2,0,0,0,0,0,0,0,0,0,0,0,0,17,19,11,60,43,1,1,0,0,0,0,35,9,7,65,8,576,25,24,18,16,57,60,12,12,16,24,22,26,26,23,19,15,12,9,7,7,11,17,3,0,35,868,2899,5.411,8948.028,2.103,57.653,0,3,89,400,369,318,62,76,66,78,209,14126,59000224,147736969216,633,2.0,Upper Limpopo,0.0
-22.02081298828125,28.6251220703125,1061548260,788.8,788.8,2565.2,563,52.317,8.571,276.236,14,1,0,1,0,2,1,1,1,1500,1322,801,363.908,9931.906,6013.848,74578.75,456,654,1047,516,905,11,16,44,13,100,215,198,149,261,261,254,240,218,180,150,150,176,210,239,250,258,356,492,75,59,36,24,6,3,1,1,9,24,53,64,1790,1693,194,158,160,130,111,92,101,125,154,181,183,201,299,415,46,42,41,30,21,14,12,11,11,14,23,36,20,29,-80,-71,-61,-62,-77,-81,-95,-96,-99,-99,-94,-87,-71,-68,0,0,0,0,0,0,0,0,0,0,0,0,0,0,0,12,0,1,7,0,0,0,0,0,0,0,0,57,0,0,0,35,0,0,0,0,0,0,0,1,17,0,0,0,0,0,0,0,0,23,15,0,0,43,0,0,0,0,0,1,9,0,0,0,0,0,0,0,0,100,0,0,0,0,0,0,0,0,0,0,0,0,0,0,92,3,0,6,0,0,0,4,2,0,2,0,0,0,0,2,0,0,0,0,0,0,0,0,0,0,0,0,17,19,11,60,43,1,1,0,0,0,0,35,9,7,65,8,576,25,24,18,16,57,60,12,12,16,24,22,26,26,23,19,15,12,9,7,7,11,17,3,0,35,868,2899,5.411,8948.028,2.103,57.653,0,3,89,400,369,318,62,76,66,78,209,14126,59000224,147736969216,633,2.0,Upper Limpopo,0.0
-21.02081298828125,28.6251220703125,1061548260,788.8,788.8,2565.2,563,52.317,8.571,276.236,14,1,0,1,0,2,1,1,1,1500,1322,801,363.908,9931.906,6013.848,74578.75,456,654,1047,516,905,11,16,44,13,100,215,198,149,261,261,254,240,218,180,150,150,176,210,239,250,258,356,492,75,59,36,24,6,3,1,1,9,24,53,64,1790,1693,194,158,160,130,111,92,101,125,154,181,183,201,299,415,46,42,41,30,21,14,12,11,11,14,23,36,20,29,-80,-71,-61,-62,-77,-81,-95,-96,-99,-99,-94,-87,-71,-68,0,0,0,0,0,0,0,0,0,0,0,0,0,0,0,12,0,1,7,0,0,0,0,0,0,0,0,57,0,0,0,35,0,0,0,0,0,0,0,1,17,0,0,0,0,0,0,0,0,23,15,0,0,43,0,0,0,0,0,1,9,0,0,0,0,0,0,0,0,100,0,0,0,0,0,0,0,0,0,0,0,0,0,0,92,3,0,6,0,0,0,4,2,0,2,0,0,0,0,2,0,0,0,0,0,0,0,0,0,0,0,0,17,19,11,60,43,1,1,0,0,0,0,35,9,7,65,8,576,25,24,18,16,57,60,12,12,16,24,22,26,26,23,19,15,12,9,7,7,11,17,3,0,35,868,2899,5.411,8948.028,2.103,57.653,0,3,89,400,369,318,62,76,66,78,209,14126,59000224,147736969216,633,2.0,Upper Limpopo,0.0
-20.02081298828125,28.6251220703125,1061548260,788.8,788.8,2565.2,563,52.317,8.571,276.236,14,1,0,1,0,2,1,1,1,1500,1322,801,363.908,9931.906,6013.848,74578.75,456,654,1047,516,905,11,16,44,13,100,215,198,149,261,261,254,240,218,180,150,150,176,210,239,250,258,356,492,75,59,36,24,6,3,1,1,9,24,53,64,1790,1693,194,158,160,130,111,92,101,125,154,181,183,201,299,415,46,42,41,30,21,14,12,11,11,14,23,36,20,29,-80,-71,-61,-62,-77,-81,-95,-96,-99,-99,-94,-87,-71,-68,0,0,0,0,0,0,0,0,0,0,0,0,0,0,0,12,0,1,7,0,0,0,0,0,0,0,0,57,0,0,0,35,0,0,0,0,0,0,0,1,17,0,0,0,0,0,0,0,0,23,15,0,0,43,0,0,0,0,0,1,9,0,0,0,0,0,0,0,0,100,0,0,0,0,0,0,0,0,0,0,0,0,0,0,92,3,0,6,0,0,0,4,2,0,2,0,0,0,0,2,0,0,0,0,0,0,0,0,0,0,0,0,17,19,11,60,43,1,1,0,0,0,0,35,9,7,65,8,576,25,24,18,16,57,60,12,12,16,24,22,26,26,23,19,15,12,9,7,7,11,17,3,0,35,868,2899,5.411,8948.028,2.103,57.653,0,3,89,400,369,318,62,76,66,78,209,14126,59000224,147736969216,633,2.0,Upper Limpopo,0.0
-24.02081298828125,29.6251220703125,1061548260,788.8,788.8,2565.2,563,52.317,8.571,276.236,14,1,0,1,0,2,1,1,1,1500,1322,801,363.908,9931.906,6013.848,74578.75,456,654,1047,516,905,11,16,44,13,100,215,198,149,261,261,254,240,218,180,150,150,176,210,239,250,258,356,492,75,59,36,24,6,3,1,1,9,24,53,64,1790,1693,194,158,160,130,111,92,101,125,154,181,183,201,299,415,46,42,41,30,21,14,12,11,11,14,23,36,20,29,-80,-71,-61,-62,-77,-81,-95,-96,-99,-99,-94,-87,-71,-68,0,0,0,0,0,0,0,0,0,0,0,0,0,0,0,12,0,1,7,0,0,0,0,0,0,0,0,57,0,0,0,35,0,0,0,0,0,0,0,1,17,0,0,0,0,0,0,0,0,23,15,0,0,43,0,0,0,0,0,1,9,0,0,0,0,0,0,0,0,100,0,0,0,0,0,0,0,0,0,0,0,0,0,0,92,3,0,6,0,0,0,4,2,0,2,0,0,0,0,2,0,0,0,0,0,0,0,0,0,0,0,0,17,19,11,60,43,1,1,0,0,0,0,35,9,7,65,8,576,25,24,18,16,57,60,12,12,16,24,22,26,26,23,19,15,12,9,7,7,11,17,3,0,35,868,2899,5.411,8948.028,2.103,57.653,0,3,89,400,369,318,62,76,66,78,209,14126,59000224,147736969216,633,2.0,Upper Limpopo,0.0
-23.02081298828125,29.6251220703125,1061548260,788.8,788.8,2565.2,563,52.317,8.571,276.236,14,1,0,1,0,2,1,1,1,1500,1322,801,363.908,9931.906,6013.848,74578.75,456,654,1047,516,905,11,16,44,13,100,215,198,149,261,261,254,240,218,180,150,150,176,210,239,250,258,356,492,75,59,36,24,6,3,1,1,9,24,53,64,1790,1693,194,158,160,130,111,92,101,125,154,181,183,201,299,415,46,42,41,30,21,14,12,11,11,14,23,36,20,29,-80,-71,-61,-62,-77,-81,-95,-96,-99,-99,-94,-87,-71,-68,0,0,0,0,0,0,0,0,0,0,0,0,0,0,0,12,0,1,7,0,0,0,0,0,0,0,0,57,0,0,0,35,0,0,0,0,0,0,0,1,17,0,0,0,0,0,0,0,0,23,15,0,0,43,0,0,0,0,0,1,9,0,0,0,0,0,0,0,0,100,0,0,0,0,0,0,0,0,0,0,0,0,0,0,92,3,0,6,0,0,0,4,2,0,2,0,0,0,0,2,0,0,0,0,0,0,0,0,0,0,0,0,17,19,11,60,43,1,1,0,0,0,0,35,9,7,65,8,576,25,24,18,16,57,60,12,12,16,24,22,26,26,23,19,15,12,9,7,7,11,17,3,0,35,868,2899,5.411,8948.028,2.103,57.653,0,3,89,400,369,318,62,76,66,78,209,14126,59000224,147736969216,633,2.0,Upper Limpopo,0.0
-22.02081298828125,29.6251220703125,1061548260,788.8,788.8,2565.2,563,52.317,8.571,276.236,14,1,0,1,0,2,1,1,1,1500,1322,801,363.908,9931.906,6013.848,74578.75,456,654,1047,516,905,11,16,44,13,100,215,198,149,261,261,254,240,218,180,150,150,176,210,239,250,258,356,492,75,59,36,24,6,3,1,1,9,24,53,64,1790,1693,194,158,160,130,111,92,101,125,154,181,183,201,299,415,46,42,41,30,21,14,12,11,11,14,23,36,20,29,-80,-71,-61,-62,-77,-81,-95,-96,-99,-99,-94,-87,-71,-68,0,0,0,0,0,0,0,0,0,0,0,0,0,0,0,12,0,1,7,0,0,0,0,0,0,0,0,57,0,0,0,35,0,0,0,0,0,0,0,1,17,0,0,0,0,0,0,0,0,23,15,0,0,43,0,0,0,0,0,1,9,0,0,0,0,0,0,0,0,100,0,0,0,0,0,0,0,0,0,0,0,0,0,0,92,3,0,6,0,0,0,4,2,0,2,0,0,0,0,2,0,0,0,0,0,0,0,0,0,0,0,0,17,19,11,60,43,1,1,0,0,0,0,35,9,7,65,8,576,25,24,18,16,57,60,12,12,16,24,22,26,26,23,19,15,12,9,7,7,11,17,3,0,35,868,2899,5.411,8948.028,2.103,57.653,0,3,89,400,369,318,62,76,66,78,209,14126,59000224,147736969216,633,2.0,Upper Limpopo,0.0
-21.02081298828125,29.6251220703125,1061548260,788.8,788.8,2565.2,563,52.317,8.571,276.236,14,1,0,1,0,2,1,1,1,1500,1322,801,363.908,9931.906,6013.848,74578.75,456,654,1047,516,905,11,16,44,13,100,215,198,149,261,261,254,240,218,180,150,150,176,210,239,250,258,356,492,75,59,36,24,6,3,1,1,9,24,53,64,1790,1693,194,158,160,130,111,92,101,125,154,181,183,201,299,415,46,42,41,30,21,14,12,11,11,14,23,36,20,29,-80,-71,-61,-62,-77,-81,-95,-96,-99,-99,-94,-87,-71,-68,0,0,0,0,0,0,0,0,0,0,0,0,0,0,0,12,0,1,7,0,0,0,0,0,0,0,0,57,0,0,0,35,0,0,0,0,0,0,0,1,17,0,0,0,0,0,0,0,0,23,15,0,0,43,0,0,0,0,0,1,9,0,0,0,0,0,0,0,0,100,0,0,0,0,0,0,0,0,0,0,0,0,0,0,92,3,0,6,0,0,0,4,2,0,2,0,0,0,0,2,0,0,0,0,0,0,0,0,0,0,0,0,17,19,11,60,43,1,1,0,0,0,0,35,9,7,65,8,576,25,24,18,16,57,60,12,12,16,24,22,26,26,23,19,15,12,9,7,7,11,17,3,0,35,868,2899,5.411,8948.028,2.103,57.653,0,3,89,400,369,318,62,76,66,78,209,14126,59000224,147736969216,633,2.0,Upper Limpopo,0.0
-26.02081298828125,25.6251220703125,1061577000,1260.4,1260.4,29547.8,583,13.058,3.129,49.099,16,1,1,1,1,1,1,3,3,636,553,1344,1555.979,1555.979,7784.324,7784.329,598,1197,1196,870,2042,26,26,68,14,91,188,188,117,235,234,230,215,186,148,117,119,148,188,215,223,232,632,632,114,96,79,44,16,7,5,5,15,55,87,110,1631,1631,183,153,147,115,93,75,82,108,140,171,175,188,534,534,76,69,68,50,36,24,22,23,24,32,45,64,39,39,-61,-61,-37,-37,-46,-61,-83,-91,-94,-95,-89,-68,-50,-41,0,0,0,0,0,0,0,0,0,0,0,0,0,0,0,16,0,2,23,0,0,0,0,0,0,0,0,22,13,0,0,33,0,0,0,0,0,6,0,2,23,0,0,0,0,0,0,0,0,22,13,0,0,33,0,0,0,0,0,6,9,0,0,0,0,0,0,0,0,93,5,0,3,0,0,0,0,0,0,0,0,0,0,0,93,5,0,3,0,0,0,2,0,0,0,0,0,0,0,0,0,0,0,0,0,0,0,0,0,0,0,0,26,19,19,36,36,3,3,0,0,0,0,10,10,7,38,6,575,28,28,19,19,53,53,13,13,33,33,40,45,46,44,39,33,28,22,18,18,24,33,3,54,54,6608,6604,7083.584,7083.551,240.422,239.476,11,11,1398,1400,801,798,126,125,137,136,209,14317,113863475200,113863385088,635,1.0,Crocodile Marico,0.0
-25.02081298828125,25.6251220703125,1061577000,1260.4,1260.4,29547.8,583,13.058,3.129,49.099,16,1,1,1,1,1,1,3,3,636,553,1344,1555.979,1555.979,7784.324,7784.329,598,1197,1196,870,2042,26,26,68,14,91,188,188,117,235,234,230,215,186,148,117,119,148,188,215,223,232,632,632,114,96,79,44,16,7,5,5,15,55,87,110,1631,1631,183,153,147,115,93,75,82,108,140,171,175,188,534,534,76,69,68,50,36,24,22,23,24,32,45,64,39,39,-61,-61,-37,-37,-46,-61,-83,-91,-94,-95,-89,-68,-50,-41,0,0,0,0,0,0,0,0,0,0,0,0,0,0,0,16,0,2,23,0,0,0,0,0,0,0,0,22,13,0,0,33,0,0,0,0,0,6,0,2,23,0,0,0,0,0,0,0,0,22,13,0,0,33,0,0,0,0,0,6,9,0,0,0,0,0,0,0,0,93,5,0,3,0,0,0,0,0,0,0,0,0,0,0,93,5,0,3,0,0,0,2,0,0,0,0,0,0,0,0,0,0,0,0,0,0,0,0,0,0,0,0,26,19,19,36,36,3,3,0,0,0,0,10,10,7,38,6,575,28,28,19,19,53,53,13,13,33,33,40,45,46,44,39,33,28,22,18,18,24,33,3,54,54,6608,6604,7083.584,7083.551,240.422,239.476,11,11,1398,1400,801,798,126,125,137,136,209,14317,113863475200,113863385088,635,1.0,Crocodile Marico,0.0
-26.02081298828125,26.6251220703125,1061577000,1260.4,1260.4,29547.8,583,13.058,3.129,49.099,16,1,1,1,1,1,1,3,3,636,553,1344,1555.979,1555.979,7784.324,7784.329,598,1197,1196,870,2042,26,26,68,14,91,188,188,117,235,234,230,215,186,148,117,119,148,188,215,223,232,632,632,114,96,79,44,16,7,5,5,15,55,87,110,1631,1631,183,153,147,115,93,75,82,108,140,171,175,188,534,534,76,69,68,50,36,24,22,23,24,32,45,64,39,39,-61,-61,-37,-37,-46,-61,-83,-91,-94,-95,-89,-68,-50,-41,0,0,0,0,0,0,0,0,0,0,0,0,0,0,0,16,0,2,23,0,0,0,0,0,0,0,0,22,13,0,0,33,0,0,0,0,0,6,0,2,23,0,0,0,0,0,0,0,0,22,13,0,0,33,0,0,0,0,0,6,9,0,0,0,0,0,0,0,0,93,5,0,3,0,0,0,0,0,0,0,0,0,0,0,93,5,0,3,0,0,0,2,0,0,0,0,0,0,0,0,0,0,0,0,0,0,0,0,0,0,0,0,26,19,19,36,36,3,3,0,0,0,0,10,10,7,38,6,575,28,28,19,19,53,53,13,13,33,33,40,45,46,44,39,33,28,22,18,18,24,33,3,54,54,6608,6604,7083.584,7083.551,240.422,239.476,11,11,1398,1400,801,798,126,125,137,136,209,14317,113863475200,113863385088,635,1.0,Crocodile Marico,0.0
-25.02081298828125,26.6251220703125,1061577000,1260.4,1260.4,29547.8,583,13.058,3.129,49.099,16,1,1,1,1,1,1,3,3,636,553,1344,1555.979,1555.979,7784.324,7784.329,598,1197,1196,870,2042,26,26,68,14,91,188,188,117,235,234,230,215,186,148,117,119,148,188,215,223,232,632,632,114,96,79,44,16,7,5,5,15,55,87,110,1631,1631,183,153,147,115,93,75,82,108,140,171,175,188,534,534,76,69,68,50,36,24,22,23,24,32,45,64,39,39,-61,-61,-37,-37,-46,-61,-83,-91,-94,-95,-89,-68,-50,-41,0,0,0,0,0,0,0,0,0,0,0,0,0,0,0,16,0,2,23,0,0,0,0,0,0,0,0,22,13,0,0,33,0,0,0,0,0,6,0,2,23,0,0,0,0,0,0,0,0,22,13,0,0,33,0,0,0,0,0,6,9,0,0,0,0,0,0,0,0,93,5,0,3,0,0,0,0,0,0,0,0,0,0,0,93,5,0,3,0,0,0,2,0,0,0,0,0,0,0,0,0,0,0,0,0,0,0,0,0,0,0,0,26,19,19,36,36,3,3,0,0,0,0,10,10,7,38,6,575,28,28,19,19,53,53,13,13,33,33,40,45,46,44,39,33,28,22,18,18,24,33,3,54,54,6608,6604,7083.584,7083.551,240.422,239.476,11,11,1398,1400,801,798,126,125,137,136,209,14317,113863475200,113863385088,635,1.0,Crocodile Marico,0.0
-24.02081298828125,26.6251220703125,1061577000,1260.4,1260.4,29547.8,583,13.058,3.129,49.099,16,1,1,1,1,1,1,3,3,636,553,1344,1555.979,1555.979,7784.324,7784.329,598,1197,1196,870,2042,26,26,68,14,91,188,188,117,235,234,230,215,186,148,117,119,148,188,215,223,232,632,632,114,96,79,44,16,7,5,5,15,55,87,110,1631,1631,183,153,147,115,93,75,82,108,140,171,175,188,534,534,76,69,68,50,36,24,22,23,24,32,45,64,39,39,-61,-61,-37,-37,-46,-61,-83,-91,-94,-95,-89,-68,-50,-41,0,0,0,0,0,0,0,0,0,0,0,0,0,0,0,16,0,2,23,0,0,0,0,0,0,0,0,22,13,0,0,33,0,0,0,0,0,6,0,2,23,0,0,0,0,0,0,0,0,22,13,0,0,33,0,0,0,0,0,6,9,0,0,0,0,0,0,0,0,93,5,0,3,0,0,0,0,0,0,0,0,0,0,0,93,5,0,3,0,0,0,2,0,0,0,0,0,0,0,0,0,0,0,0,0,0,0,0,0,0,0,0,26,19,19,36,36,3,3,0,0,0,0,10,10,7,38,6,575,28,28,19,19,53,53,13,13,33,33,40,45,46,44,39,33,28,22,18,18,24,33,3,54,54,6608,6604,7083.584,7083.551,240.422,239.476,11,11,1398,1400,801,798,126,125,137,136,209,14317,113863475200,113863385088,635,1.0,Crocodile Marico,0.0
-26.02081298828125,27.6251220703125,1061577000,1260.4,1260.4,29547.8,583,13.058,3.129,49.099,16,1,1,1,1,1,1,3,3,636,553,1344,1555.979,1555.979,7784.324,7784.329,598,1197,1196,870,2042,26,26,68,14,91,188,188,117,235,234,230,215,186,148,117,119,148,188,215,223,232,632,632,114,96,79,44,16,7,5,5,15,55,87,110,1631,1631,183,153,147,115,93,75,82,108,140,171,175,188,534,534,76,69,68,50,36,24,22,23,24,32,45,64,39,39,-61,-61,-37,-37,-46,-61,-83,-91,-94,-95,-89,-68,-50,-41,0,0,0,0,0,0,0,0,0,0,0,0,0,0,0,16,0,2,23,0,0,0,0,0,0,0,0,22,13,0,0,33,0,0,0,0,0,6,0,2,23,0,0,0,0,0,0,0,0,22,13,0,0,33,0,0,0,0,0,6,9,0,0,0,0,0,0,0,0,93,5,0,3,0,0,0,0,0,0,0,0,0,0,0,93,5,0,3,0,0,0,2,0,0,0,0,0,0,0,0,0,0,0,0,0,0,0,0,0,0,0,0,26,19,19,36,36,3,3,0,0,0,0,10,10,7,38,6,575,28,28,19,19,53,53,13,13,33,33,40,45,46,44,39,33,28,22,18,18,24,33,3,54,54,6608,6604,7083.584,7083.551,240.422,239.476,11,11,1398,1400,801,798,126,125,137,136,209,14317,113863475200,113863385088,635,1.0,Crocodile Marico,0.0
-25.02081298828125,27.6251220703125,1061577000,1260.4,1260.4,29547.8,583,13.058,3.129,49.099,16,1,1,1,1,1,1,3,3,636,553,1344,1555.979,1555.979,7784.324,7784.329,598,1197,1196,870,2042,26,26,68,14,91,188,188,117,235,234,230,215,186,148,117,119,148,188,215,223,232,632,632,114,96,79,44,16,7,5,5,15,55,87,110,1631,1631,183,153,147,115,93,75,82,108,140,171,175,188,534,534,76,69,68,50,36,24,22,23,24,32,45,64,39,39,-61,-61,-37,-37,-46,-61,-83,-91,-94,-95,-89,-68,-50,-41,0,0,0,0,0,0,0,0,0,0,0,0,0,0,0,16,0,2,23,0,0,0,0,0,0,0,0,22,13,0,0,33,0,0,0,0,0,6,0,2,23,0,0,0,0,0,0,0,0,22,13,0,0,33,0,0,0,0,0,6,9,0,0,0,0,0,0,0,0,93,5,0,3,0,0,0,0,0,0,0,0,0,0,0,93,5,0,3,0,0,0,2,0,0,0,0,0,0,0,0,0,0,0,0,0,0,0,0,0,0,0,0,26,19,19,36,36,3,3,0,0,0,0,10,10,7,38,6,575,28,28,19,19,53,53,13,13,33,33,40,45,46,44,39,33,28,22,18,18,24,33,3,54,54,6608,6604,7083.584,7083.551,240.422,239.476,11,11,1398,1400,801,798,126,125,137,136,209,14317,113863475200,113863385088,635,1.0,Crocodile Marico,0.0
-24.02081298828125,27.6251220703125,1061577000,1260.4,1260.4,29547.8,583,13.058,3.129,49.099,16,1,1,1,1,1,1,3,3,636,553,1344,1555.979,1555.979,7784.324,7784.329,598,1197,1196,870,2042,26,26,68,14,91,188,188,117,235,234,230,215,186,148,117,119,148,188,215,223,232,632,632,114,96,79,44,16,7,5,5,15,55,87,110,1631,1631,183,153,147,115,93,75,82,108,140,171,175,188,534,534,76,69,68,50,36,24,22,23,24,32,45,64,39,39,-61,-61,-37,-37,-46,-61,-83,-91,-94,-95,-89,-68,-50,-41,0,0,0,0,0,0,0,0,0,0,0,0,0,0,0,16,0,2,23,0,0,0,0,0,0,0,0,22,13,0,0,33,0,0,0,0,0,6,0,2,23,0,0,0,0,0,0,0,0,22,13,0,0,33,0,0,0,0,0,6,9,0,0,0,0,0,0,0,0,93,5,0,3,0,0,0,0,0,0,0,0,0,0,0,93,5,0,3,0,0,0,2,0,0,0,0,0,0,0,0,0,0,0,0,0,0,0,0,0,0,0,0,26,19,19,36,36,3,3,0,0,0,0,10,10,7,38,6,575,28,28,19,19,53,53,13,13,33,33,40,45,46,44,39,33,28,22,18,18,24,33,3,54,54,6608,6604,7083.584,7083.551,240.422,239.476,11,11,1398,1400,801,798,126,125,137,136,209,14317,113863475200,113863385088,635,1.0,Crocodile Marico,0.0
-26.02081298828125,28.6251220703125,1061577000,1260.4,1260.4,29547.8,583,13.058,3.129,49.099,16,1,1,1,1,1,1,3,3,636,553,1344,1555.979,1555.979,7784.324,7784.329,598,1197,1196,870,2042,26,26,68,14,91,188,188,117,235,234,230,215,186,148,117,119,148,188,215,223,232,632,632,114,96,79,44,16,7,5,5,15,55,87,110,1631,1631,183,153,147,115,93,75,82,108,140,171,175,188,534,534,76,69,68,50,36,24,22,23,24,32,45,64,39,39,-61,-61,-37,-37,-46,-61,-83,-91,-94,-95,-89,-68,-50,-41,0,0,0,0,0,0,0,0,0,0,0,0,0,0,0,16,0,2,23,0,0,0,0,0,0,0,0,22,13,0,0,33,0,0,0,0,0,6,0,2,23,0,0,0,0,0,0,0,0,22,13,0,0,33,0,0,0,0,0,6,9,0,0,0,0,0,0,0,0,93,5,0,3,0,0,0,0,0,0,0,0,0,0,0,93,5,0,3,0,0,0,2,0,0,0,0,0,0,0,0,0,0,0,0,0,0,0,0,0,0,0,0,26,19,19,36,36,3,3,0,0,0,0,10,10,7,38,6,575,28,28,19,19,53,53,13,13,33,33,40,45,46,44,39,33,28,22,18,18,24,33,3,54,54,6608,6604,7083.584,7083.551,240.422,239.476,11,11,1398,1400,801,798,126,125,137,136,209,14317,113863475200,113863385088,635,1.0,Crocodile Marico,0.0
-25.02081298828125,28.6251220703125,1061577000,1260.4,1260.4,29547.8,583,13.058,3.129,49.099,16,1,1,1,1,1,1,3,3,636,553,1344,1555.979,1555.979,7784.324,7784.329,598,1197,1196,870,2042,26,26,68,14,91,188,188,117,235,234,230,215,186,148,117,119,148,188,215,223,232,632,632,114,96,79,44,16,7,5,5,15,55,87,110,1631,1631,183,153,147,115,93,75,82,108,140,171,175,188,534,534,76,69,68,50,36,24,22,23,24,32,45,64,39,39,-61,-61,-37,-37,-46,-61,-83,-91,-94,-95,-89,-68,-50,-41,0,0,0,0,0,0,0,0,0,0,0,0,0,0,0,16,0,2,23,0,0,0,0,0,0,0,0,22,13,0,0,33,0,0,0,0,0,6,0,2,23,0,0,0,0,0,0,0,0,22,13,0,0,33,0,0,0,0,0,6,9,0,0,0,0,0,0,0,0,93,5,0,3,0,0,0,0,0,0,0,0,0,0,0,93,5,0,3,0,0,0,2,0,0,0,0,0,0,0,0,0,0,0,0,0,0,0,0,0,0,0,0,26,19,19,36,36,3,3,0,0,0,0,10,10,7,38,6,575,28,28,19,19,53,53,13,13,33,33,40,45,46,44,39,33,28,22,18,18,24,33,3,54,54,6608,6604,7083.584,7083.551,240.422,239.476,11,11,1398,1400,801,798,126,125,137,136,209,14317,113863475200,113863385088,635,1.0,Crocodile Marico,0.0
-26.02081298828125,28.6251220703125,1061576130,258.7,258.7,2661.3,539,118.206,23.517,551.924,34,2,1,3,1,8,2,0,4,4120,3764,1010,855.45,12044.627,20116.594,130705.398,169,170,916,53,384,5,36,27,13,104,235,194,177,274,274,272,259,240,207,180,177,201,226,246,260,272,525,660,93,93,61,34,14,12,11,6,14,30,69,89,1789,1596,195,168,162,128,108,89,97,122,151,180,187,202,453,559,62,62,60,43,31,22,20,21,21,24,34,52,30,43,-71,-58,-52,-44,-62,-74,-87,-87,-89,-95,-91,-83,-63,-56,0,0,0,0,0,0,0,0,0,0,0,0,0,0,0,16,0,22,32,0,0,0,0,0,0,0,0,2,10,0,0,34,0,0,0,0,0,0,1,9,28,0,0,0,0,0,0,0,0,25,11,0,0,26,0,0,0,0,0,0,9,0,0,0,0,0,0,0,0,100,0,0,0,0,0,0,3,0,0,0,0,0,0,0,92,4,0,0,0,0,0,4,31,1,31,1,0,0,0,31,0,0,0,0,0,0,1,0,0,0,0,0,37,4,13,57,45,0,2,0,0,0,0,51,43,7,65,8,576,17,26,13,20,70,54,13,15,25,35,31,36,37,34,29,25,21,18,14,13,17,24,1,0,37,663,6228,18.015,4419.735,6.816,54.224,0,3,0,500,61,212,79,112,55,90,153,984,11417830,66305802240,418,4.0,Elephantes,0.0
-25.02081298828125,28.6251220703125,1061576130,258.7,258.7,2661.3,539,118.206,23.517,551.924,34,2,1,3,1,8,2,0,4,4120,3764,1010,855.45,12044.627,20116.594,130705.398,169,170,916,53,384,5,36,27,13,104,235,194,177,274,274,272,259,240,207,180,177,201,226,246,260,272,525,660,93,93,61,34,14,12,11,6,14,30,69,89,1789,1596,195,168,162,128,108,89,97,122,151,180,187,202,453,559,62,62,60,43,31,22,20,21,21,24,34,52,30,43,-71,-58,-52,-44,-62,-74,-87,-87,-89,-95,-91,-83,-63,-56,0,0,0,0,0,0,0,0,0,0,0,0,0,0,0,16,0,22,32,0,0,0,0,0,0,0,0,2,10,0,0,34,0,0,0,0,0,0,1,9,28,0,0,0,0,0,0,0,0,25,11,0,0,26,0,0,0,0,0,0,9,0,0,0,0,0,0,0,0,100,0,0,0,0,0,0,3,0,0,0,0,0,0,0,92,4,0,0,0,0,0,4,31,1,31,1,0,0,0,31,0,0,0,0,0,0,1,0,0,0,0,0,37,4,13,57,45,0,2,0,0,0,0,51,43,7,65,8,576,17,26,13,20,70,54,13,15,25,35,31,36,37,34,29,25,21,18,14,13,17,24,1,0,37,663,6228,18.015,4419.735,6.816,54.224,0,3,0,500,61,212,79,112,55,90,153,984,11417830,66305802240,418,4.0,Elephantes,0.0
-24.02081298828125,28.6251220703125,1061576130,258.7,258.7,2661.3,539,118.206,23.517,551.924,34,2,1,3,1,8,2,0,4,4120,3764,1010,855.45,12044.627,20116.594,130705.398,169,170,916,53,384,5,36,27,13,104,235,194,177,274,274,272,259,240,207,180,177,201,226,246,260,272,525,660,93,93,61,34,14,12,11,6,14,30,69,89,1789,1596,195,168,162,128,108,89,97,122,151,180,187,202,453,559,62,62,60,43,31,22,20,21,21,24,34,52,30,43,-71,-58,-52,-44,-62,-74,-87,-87,-89,-95,-91,-83,-63,-56,0,0,0,0,0,0,0,0,0,0,0,0,0,0,0,16,0,22,32,0,0,0,0,0,0,0,0,2,10,0,0,34,0,0,0,0,0,0,1,9,28,0,0,0,0,0,0,0,0,25,11,0,0,26,0,0,0,0,0,0,9,0,0,0,0,0,0,0,0,100,0,0,0,0,0,0,3,0,0,0,0,0,0,0,92,4,0,0,0,0,0,4,31,1,31,1,0,0,0,31,0,0,0,0,0,0,1,0,0,0,0,0,37,4,13,57,45,0,2,0,0,0,0,51,43,7,65,8,576,17,26,13,20,70,54,13,15,25,35,31,36,37,34,29,25,21,18,14,13,17,24,1,0,37,663,6228,18.015,4419.735,6.816,54.224,0,3,0,500,61,212,79,112,55,90,153,984,11417830,66305802240,418,4.0,Elephantes,0.0
-26.02081298828125,29.6251220703125,1061576130,258.7,258.7,2661.3,539,118.206,23.517,551.924,34,2,1,3,1,8,2,0,4,4120,3764,1010,855.45,12044.627,20116.594,130705.398,169,170,916,53,384,5,36,27,13,104,235,194,177,274,274,272,259,240,207,180,177,201,226,246,260,272,525,660,93,93,61,34,14,12,11,6,14,30,69,89,1789,1596,195,168,162,128,108,89,97,122,151,180,187,202,453,559,62,62,60,43,31,22,20,21,21,24,34,52,30,43,-71,-58,-52,-44,-62,-74,-87,-87,-89,-95,-91,-83,-63,-56,0,0,0,0,0,0,0,0,0,0,0,0,0,0,0,16,0,22,32,0,0,0,0,0,0,0,0,2,10,0,0,34,0,0,0,0,0,0,1,9,28,0,0,0,0,0,0,0,0,25,11,0,0,26,0,0,0,0,0,0,9,0,0,0,0,0,0,0,0,100,0,0,0,0,0,0,3,0,0,0,0,0,0,0,92,4,0,0,0,0,0,4,31,1,31,1,0,0,0,31,0,0,0,0,0,0,1,0,0,0,0,0,37,4,13,57,45,0,2,0,0,0,0,51,43,7,65,8,576,17,26,13,20,70,54,13,15,25,35,31,36,37,34,29,25,21,18,14,13,17,24,1,0,37,663,6228,18.015,4419.735,6.816,54.224,0,3,0,500,61,212,79,112,55,90,153,984,11417830,66305802240,418,4.0,Elephantes,0.0
-25.02081298828125,29.6251220703125,1061576130,258.7,258.7,2661.3,539,118.206,23.517,551.924,34,2,1,3,1,8,2,0,4,4120,3764,1010,855.45,12044.627,20116.594,130705.398,169,170,916,53,384,5,36,27,13,104,235,194,177,274,274,272,259,240,207,180,177,201,226,246,260,272,525,660,93,93,61,34,14,12,11,6,14,30,69,89,1789,1596,195,168,162,128,108,89,97,122,151,180,187,202,453,559,62,62,60,43,31,22,20,21,21,24,34,52,30,43,-71,-58,-52,-44,-62,-74,-87,-87,-89,-95,-91,-83,-63,-56,0,0,0,0,0,0,0,0,0,0,0,0,0,0,0,16,0,22,32,0,0,0,0,0,0,0,0,2,10,0,0,34,0,0,0,0,0,0,1,9,28,0,0,0,0,0,0,0,0,25,11,0,0,26,0,0,0,0,0,0,9,0,0,0,0,0,0,0,0,100,0,0,0,0,0,0,3,0,0,0,0,0,0,0,92,4,0,0,0,0,0,4,31,1,31,1,0,0,0,31,0,0,0,0,0,0,1,0,0,0,0,0,37,4,13,57,45,0,2,0,0,0,0,51,43,7,65,8,576,17,26,13,20,70,54,13,15,25,35,31,36,37,34,29,25,21,18,14,13,17,24,1,0,37,663,6228,18.015,4419.735,6.816,54.224,0,3,0,500,61,212,79,112,55,90,153,984,11417830,66305802240,418,4.0,Elephantes,0.0
-24.02081298828125,29.6251220703125,1061576130,258.7,258.7,2661.3,539,118.206,23.517,551.924,34,2,1,3,1,8,2,0,4,4120,3764,1010,855.45,12044.627,20116.594,130705.398,169,170,916,53,384,5,36,27,13,104,235,194,177,274,274,272,259,240,207,180,177,201,226,246,260,272,525,660,93,93,61,34,14,12,11,6,14,30,69,89,1789,1596,195,168,162,128,108,89,97,122,151,180,187,202,453,559,62,62,60,43,31,22,20,21,21,24,34,52,30,43,-71,-58,-52,-44,-62,-74,-87,-87,-89,-95,-91,-83,-63,-56,0,0,0,0,0,0,0,0,0,0,0,0,0,0,0,16,0,22,32,0,0,0,0,0,0,0,0,2,10,0,0,34,0,0,0,0,0,0,1,9,28,0,0,0,0,0,0,0,0,25,11,0,0,26,0,0,0,0,0,0,9,0,0,0,0,0,0,0,0,100,0,0,0,0,0,0,3,0,0,0,0,0,0,0,92,4,0,0,0,0,0,4,31,1,31,1,0,0,0,31,0,0,0,0,0,0,1,0,0,0,0,0,37,4,13,57,45,0,2,0,0,0,0,51,43,7,65,8,576,17,26,13,20,70,54,13,15,25,35,31,36,37,34,29,25,21,18,14,13,17,24,1,0,37,663,6228,18.015,4419.735,6.816,54.224,0,3,0,500,61,212,79,112,55,90,153,984,11417830,66305802240,418,4.0,Elephantes,0.0
-23.02081298828125,29.6251220703125,1061576130,258.7,258.7,2661.3,539,118.206,23.517,551.924,34,2,1,3,1,8,2,0,4,4120,3764,1010,855.45,12044.627,20116.594,130705.398,169,170,916,53,384,5,36,27,13,104,235,194,177,274,274,272,259,240,207,180,177,201,226,246,260,272,525,660,93,93,61,34,14,12,11,6,14,30,69,89,1789,1596,195,168,162,128,108,89,97,122,151,180,187,202,453,559,62,62,60,43,31,22,20,21,21,24,34,52,30,43,-71,-58,-52,-44,-62,-74,-87,-87,-89,-95,-91,-83,-63,-56,0,0,0,0,0,0,0,0,0,0,0,0,0,0,0,16,0,22,32,0,0,0,0,0,0,0,0,2,10,0,0,34,0,0,0,0,0,0,1,9,28,0,0,0,0,0,0,0,0,25,11,0,0,26,0,0,0,0,0,0,9,0,0,0,0,0,0,0,0,100,0,0,0,0,0,0,3,0,0,0,0,0,0,0,92,4,0,0,0,0,0,4,31,1,31,1,0,0,0,31,0,0,0,0,0,0,1,0,0,0,0,0,37,4,13,57,45,0,2,0,0,0,0,51,43,7,65,8,576,17,26,13,20,70,54,13,15,25,35,31,36,37,34,29,25,21,18,14,13,17,24,1,0,37,663,6228,18.015,4419.735,6.816,54.224,0,3,0,500,61,212,79,112,55,90,153,984,11417830,66305802240,418,4.0,Elephantes,0.0
-26.02081298828125,30.6251220703125,1061576130,258.7,258.7,2661.3,539,118.206,23.517,551.924,34,2,1,3,1,8,2,0,4,4120,3764,1010,855.45,12044.627,20116.594,130705.398,169,170,916,53,384,5,36,27,13,104,235,194,177,274,274,272,259,240,207,180,177,201,226,246,260,272,525,660,93,93,61,34,14,12,11,6,14,30,69,89,1789,1596,195,168,162,128,108,89,97,122,151,180,187,202,453,559,62,62,60,43,31,22,20,21,21,24,34,52,30,43,-71,-58,-52,-44,-62,-74,-87,-87,-89,-95,-91,-83,-63,-56,0,0,0,0,0,0,0,0,0,0,0,0,0,0,0,16,0,22,32,0,0,0,0,0,0,0,0,2,10,0,0,34,0,0,0,0,0,0,1,9,28,0,0,0,0,0,0,0,0,25,11,0,0,26,0,0,0,0,0,0,9,0,0,0,0,0,0,0,0,100,0,0,0,0,0,0,3,0,0,0,0,0,0,0,92,4,0,0,0,0,0,4,31,1,31,1,0,0,0,31,0,0,0,0,0,0,1,0,0,0,0,0,37,4,13,57,45,0,2,0,0,0,0,51,43,7,65,8,576,17,26,13,20,70,54,13,15,25,35,31,36,37,34,29,25,21,18,14,13,17,24,1,0,37,663,6228,18.015,4419.735,6.816,54.224,0,3,0,500,61,212,79,112,55,90,153,984,11417830,66305802240,418,4.0,Elephantes,0.0
-25.02081298828125,30.6251220703125,1061576130,258.7,258.7,2661.3,539,118.206,23.517,551.924,34,2,1,3,1,8,2,0,4,4120,3764,1010,855.45,12044.627,20116.594,130705.398,169,170,916,53,384,5,36,27,13,104,235,194,177,274,274,272,259,240,207,180,177,201,226,246,260,272,525,660,93,93,61,34,14,12,11,6,14,30,69,89,1789,1596,195,168,162,128,108,89,97,122,151,180,187,202,453,559,62,62,60,43,31,22,20,21,21,24,34,52,30,43,-71,-58,-52,-44,-62,-74,-87,-87,-89,-95,-91,-83,-63,-56,0,0,0,0,0,0,0,0,0,0,0,0,0,0,0,16,0,22,32,0,0,0,0,0,0,0,0,2,10,0,0,34,0,0,0,0,0,0,1,9,28,0,0,0,0,0,0,0,0,25,11,0,0,26,0,0,0,0,0,0,9,0,0,0,0,0,0,0,0,100,0,0,0,0,0,0,3,0,0,0,0,0,0,0,92,4,0,0,0,0,0,4,31,1,31,1,0,0,0,31,0,0,0,0,0,0,1,0,0,0,0,0,37,4,13,57,45,0,2,0,0,0,0,51,43,7,65,8,576,17,26,13,20,70,54,13,15,25,35,31,36,37,34,29,25,21,18,14,13,17,24,1,0,37,663,6228,18.015,4419.735,6.816,54.224,0,3,0,500,61,212,79,112,55,90,153,984,11417830,66305802240,418,4.0,Elephantes,0.0
-24.02081298828125,30.6251220703125,1061576130,258.7,258.7,2661.3,539,118.206,23.517,551.924,34,2,1,3,1,8,2,0,4,4120,3764,1010,855.45,12044.627,20116.594,130705.398,169,170,916,53,384,5,36,27,13,104,235,194,177,274,274,272,259,240,207,180,177,201,226,246,260,272,525,660,93,93,61,34,14,12,11,6,14,30,69,89,1789,1596,195,168,162,128,108,89,97,122,151,180,187,202,453,559,62,62,60,43,31,22,20,21,21,24,34,52,30,43,-71,-58,-52,-44,-62,-74,-87,-87,-89,-95,-91,-83,-63,-56,0,0,0,0,0,0,0,0,0,0,0,0,0,0,0,16,0,22,32,0,0,0,0,0,0,0,0,2,10,0,0,34,0,0,0,0,0,0,1,9,28,0,0,0,0,0,0,0,0,25,11,0,0,26,0,0,0,0,0,0,9,0,0,0,0,0,0,0,0,100,0,0,0,0,0,0,3,0,0,0,0,0,0,0,92,4,0,0,0,0,0,4,31,1,31,1,0,0,0,31,0,0,0,0,0,0,1,0,0,0,0,0,37,4,13,57,45,0,2,0,0,0,0,51,43,7,65,8,576,17,26,13,20,70,54,13,15,25,35,31,36,37,34,29,25,21,18,14,13,17,24,1,0,37,663,6228,18.015,4419.735,6.816,54.224,0,3,0,500,61,212,79,112,55,90,153,984,11417830,66305802240,418,4.0,Elephantes,0.0
-23.02081298828125,30.6251220703125,1061576130,258.7,258.7,2661.3,539,118.206,23.517,551.924,34,2,1,3,1,8,2,0,4,4120,3764,1010,855.45,12044.627,20116.594,130705.398,169,170,916,53,384,5,36,27,13,104,235,194,177,274,274,272,259,240,207,180,177,201,226,246,260,272,525,660,93,93,61,34,14,12,11,6,14,30,69,89,1789,1596,195,168,162,128,108,89,97,122,151,180,187,202,453,559,62,62,60,43,31,22,20,21,21,24,34,52,30,43,-71,-58,-52,-44,-62,-74,-87,-87,-89,-95,-91,-83,-63,-56,0,0,0,0,0,0,0,0,0,0,0,0,0,0,0,16,0,22,32,0,0,0,0,0,0,0,0,2,10,0,0,34,0,0,0,0,0,0,1,9,28,0,0,0,0,0,0,0,0,25,11,0,0,26,0,0,0,0,0,0,9,0,0,0,0,0,0,0,0,100,0,0,0,0,0,0,3,0,0,0,0,0,0,0,92,4,0,0,0,0,0,4,31,1,31,1,0,0,0,31,0,0,0,0,0,0,1,0,0,0,0,0,37,4,13,57,45,0,2,0,0,0,0,51,43,7,65,8,576,17,26,13,20,70,54,13,15,25,35,31,36,37,34,29,25,21,18,14,13,17,24,1,0,37,663,6228,18.015,4419.735,6.816,54.224,0,3,0,500,61,212,79,112,55,90,153,984,11417830,66305802240,418,4.0,Elephantes,0.0
-25.02081298828125,31.6251220703125,1061576130,258.7,258.7,2661.3,539,118.206,23.517,551.924,34,2,1,3,1,8,2,0,4,4120,3764,1010,855.45,12044.627,20116.594,130705.398,169,170,916,53,384,5,36,27,13,104,235,194,177,274,274,272,259,240,207,180,177,201,226,246,260,272,525,660,93,93,61,34,14,12,11,6,14,30,69,89,1789,1596,195,168,162,128,108,89,97,122,151,180,187,202,453,559,62,62,60,43,31,22,20,21,21,24,34,52,30,43,-71,-58,-52,-44,-62,-74,-87,-87,-89,-95,-91,-83,-63,-56,0,0,0,0,0,0,0,0,0,0,0,0,0,0,0,16,0,22,32,0,0,0,0,0,0,0,0,2,10,0,0,34,0,0,0,0,0,0,1,9,28,0,0,0,0,0,0,0,0,25,11,0,0,26,0,0,0,0,0,0,9,0,0,0,0,0,0,0,0,100,0,0,0,0,0,0,3,0,0,0,0,0,0,0,92,4,0,0,0,0,0,4,31,1,31,1,0,0,0,31,0,0,0,0,0,0,1,0,0,0,0,0,37,4,13,57,45,0,2,0,0,0,0,51,43,7,65,8,576,17,26,13,20,70,54,13,15,25,35,31,36,37,34,29,25,21,18,14,13,17,24,1,0,37,663,6228,18.015,4419.735,6.816,54.224,0,3,0,500,61,212,79,112,55,90,153,984,11417830,66305802240,418,4.0,Elephantes,0.0
-24.02081298828125,31.6251220703125,1061576130,258.7,258.7,2661.3,539,118.206,23.517,551.924,34,2,1,3,1,8,2,0,4,4120,3764,1010,855.45,12044.627,20116.594,130705.398,169,170,916,53,384,5,36,27,13,104,235,194,177,274,274,272,259,240,207,180,177,201,226,246,260,272,525,660,93,93,61,34,14,12,11,6,14,30,69,89,1789,1596,195,168,162,128,108,89,97,122,151,180,187,202,453,559,62,62,60,43,31,22,20,21,21,24,34,52,30,43,-71,-58,-52,-44,-62,-74,-87,-87,-89,-95,-91,-83,-63,-56,0,0,0,0,0,0,0,0,0,0,0,0,0,0,0,16,0,22,32,0,0,0,0,0,0,0,0,2,10,0,0,34,0,0,0,0,0,0,1,9,28,0,0,0,0,0,0,0,0,25,11,0,0,26,0,0,0,0,0,0,9,0,0,0,0,0,0,0,0,100,0,0,0,0,0,0,3,0,0,0,0,0,0,0,92,4,0,0,0,0,0,4,31,1,31,1,0,0,0,31,0,0,0,0,0,0,1,0,0,0,0,0,37,4,13,57,45,0,2,0,0,0,0,51,43,7,65,8,576,17,26,13,20,70,54,13,15,25,35,31,36,37,34,29,25,21,18,14,13,17,24,1,0,37,663,6228,18.015,4419.735,6.816,54.224,0,3,0,500,61,212,79,112,55,90,153,984,11417830,66305802240,418,4.0,Elephantes,0.0
-23.02081298828125,31.6251220703125,1061576130,258.7,258.7,2661.3,539,118.206,23.517,551.924,34,2,1,3,1,8,2,0,4,4120,3764,1010,855.45,12044.627,20116.594,130705.398,169,170,916,53,384,5,36,27,13,104,235,194,177,274,274,272,259,240,207,180,177,201,226,246,260,272,525,660,93,93,61,34,14,12,11,6,14,30,69,89,1789,1596,195,168,162,128,108,89,97,122,151,180,187,202,453,559,62,62,60,43,31,22,20,21,21,24,34,52,30,43,-71,-58,-52,-44,-62,-74,-87,-87,-89,-95,-91,-83,-63,-56,0,0,0,0,0,0,0,0,0,0,0,0,0,0,0,16,0,22,32,0,0,0,0,0,0,0,0,2,10,0,0,34,0,0,0,0,0,0,1,9,28,0,0,0,0,0,0,0,0,25,11,0,0,26,0,0,0,0,0,0,9,0,0,0,0,0,0,0,0,100,0,0,0,0,0,0,3,0,0,0,0,0,0,0,92,4,0,0,0,0,0,4,31,1,31,1,0,0,0,31,0,0,0,0,0,0,1,0,0,0,0,0,37,4,13,57,45,0,2,0,0,0,0,51,43,7,65,8,576,17,26,13,20,70,54,13,15,25,35,31,36,37,34,29,25,21,18,14,13,17,24,1,0,37,663,6228,18.015,4419.735,6.816,54.224,0,3,0,500,61,212,79,112,55,90,153,984,11417830,66305802240,418,4.0,Elephantes,0.0
-24.02081298828125,32.6251220703125,1061576130,258.7,258.7,2661.3,539,118.206,23.517,551.924,34,2,1,3,1,8,2,0,4,4120,3764,1010,855.45,12044.627,20116.594,130705.398,169,170,916,53,384,5,36,27,13,104,235,194,177,274,274,272,259,240,207,180,177,201,226,246,260,272,525,660,93,93,61,34,14,12,11,6,14,30,69,89,1789,1596,195,168,162,128,108,89,97,122,151,180,187,202,453,559,62,62,60,43,31,22,20,21,21,24,34,52,30,43,-71,-58,-52,-44,-62,-74,-87,-87,-89,-95,-91,-83,-63,-56,0,0,0,0,0,0,0,0,0,0,0,0,0,0,0,16,0,22,32,0,0,0,0,0,0,0,0,2,10,0,0,34,0,0,0,0,0,0,1,9,28,0,0,0,0,0,0,0,0,25,11,0,0,26,0,0,0,0,0,0,9,0,0,0,0,0,0,0,0,100,0,0,0,0,0,0,3,0,0,0,0,0,0,0,92,4,0,0,0,0,0,4,31,1,31,1,0,0,0,31,0,0,0,0,0,0,1,0,0,0,0,0,37,4,13,57,45,0,2,0,0,0,0,51,43,7,65,8,576,17,26,13,20,70,54,13,15,25,35,31,36,37,34,29,25,21,18,14,13,17,24,1,0,37,663,6228,18.015,4419.735,6.816,54.224,0,3,0,500,61,212,79,112,55,90,153,984,11417830,66305802240,418,4.0,Elephantes,0.0
-23.02081298828125,32.6251220703125,1061576130,258.7,258.7,2661.3,539,118.206,23.517,551.924,34,2,1,3,1,8,2,0,4,4120,3764,1010,855.45,12044.627,20116.594,130705.398,169,170,916,53,384,5,36,27,13,104,235,194,177,274,274,272,259,240,207,180,177,201,226,246,260,272,525,660,93,93,61,34,14,12,11,6,14,30,69,89,1789,1596,195,168,162,128,108,89,97,122,151,180,187,202,453,559,62,62,60,43,31,22,20,21,21,24,34,52,30,43,-71,-58,-52,-44,-62,-74,-87,-87,-89,-95,-91,-83,-63,-56,0,0,0,0,0,0,0,0,0,0,0,0,0,0,0,16,0,22,32,0,0,0,0,0,0,0,0,2,10,0,0,34,0,0,0,0,0,0,1,9,28,0,0,0,0,0,0,0,0,25,11,0,0,26,0,0,0,0,0,0,9,0,0,0,0,0,0,0,0,100,0,0,0,0,0,0,3,0,0,0,0,0,0,0,92,4,0,0,0,0,0,4,31,1,31,1,0,0,0,31,0,0,0,0,0,0,1,0,0,0,0,0,37,4,13,57,45,0,2,0,0,0,0,51,43,7,65,8,576,17,26,13,20,70,54,13,15,25,35,31,36,37,34,29,25,21,18,14,13,17,24,1,0,37,663,6228,18.015,4419.735,6.816,54.224,0,3,0,500,61,212,79,112,55,90,153,984,11417830,66305802240,418,4.0,Elephantes,0.0
-24.02081298828125,28.6251220703125,1061555620,479.4,479.4,7789.6,553,146.922,21.755,772.9,102,1,0,1,0,2,1,3,2,2775,2316,500,2468.039,21964.277,45947.734,222735.734,519,532,979,151,1577,38,18,77,13,104,223,201,173,257,257,253,243,228,199,174,174,192,217,238,246,256,646,498,130,128,74,34,16,9,7,6,16,38,79,111,1681,1686,182,149,149,124,105,87,94,117,142,171,173,187,540,420,75,74,75,55,39,27,24,24,23,28,38,59,40,30,-60,-70,-28,-15,-49,-71,-84,-89,-92,-95,-88,-77,-53,-39,0,0,0,0,0,0,0,0,0,0,0,0,0,0,0,2,4,44,31,0,0,0,0,0,0,0,0,10,2,0,0,7,0,0,0,0,0,0,0,3,21,0,0,0,0,0,0,0,0,26,10,0,0,40,0,0,0,0,0,1,9,10,6,0,0,0,0,0,0,84,0,0,0,0,0,0,0,0,0,0,0,0,0,0,93,2,0,4,0,0,0,3,2,0,1,0,0,0,1,1,0,0,0,0,0,0,0,0,0,0,0,0,24,7,12,39,45,0,1,0,0,0,0,35,11,7,65,8,576,26,24,20,17,54,58,17,12,33,25,41,50,53,47,39,33,27,22,18,17,21,30,3,21,25,2447,2648,658.387,11527.551,84.544,47.906,7,2,414,300,197,278,106,79,85,77,209,10727,9402590208,177784635392,556,3.0,Middle Limpopo,0.0
-23.02081298828125,28.6251220703125,1061555620,479.4,479.4,7789.6,553,146.922,21.755,772.9,102,1,0,1,0,2,1,3,2,2775,2316,500,2468.039,21964.277,45947.734,222735.734,519,532,979,151,1577,38,18,77,13,104,223,201,173,257,257,253,243,228,199,174,174,192,217,238,246,256,646,498,130,128,74,34,16,9,7,6,16,38,79,111,1681,1686,182,149,149,124,105,87,94,117,142,171,173,187,540,420,75,74,75,55,39,27,24,24,23,28,38,59,40,30,-60,-70,-28,-15,-49,-71,-84,-89,-92,-95,-88,-77,-53,-39,0,0,0,0,0,0,0,0,0,0,0,0,0,0,0,2,4,44,31,0,0,0,0,0,0,0,0,10,2,0,0,7,0,0,0,0,0,0,0,3,21,0,0,0,0,0,0,0,0,26,10,0,0,40,0,0,0,0,0,1,9,10,6,0,0,0,0,0,0,84,0,0,0,0,0,0,0,0,0,0,0,0,0,0,93,2,0,4,0,0,0,3,2,0,1,0,0,0,1,1,0,0,0,0,0,0,0,0,0,0,0,0,24,7,12,39,45,0,1,0,0,0,0,35,11,7,65,8,576,26,24,20,17,54,58,17,12,33,25,41,50,53,47,39,33,27,22,18,17,21,30,3,21,25,2447,2648,658.387,11527.551,84.544,47.906,7,2,414,300,197,278,106,79,85,77,209,10727,9402590208,177784635392,556,3.0,Middle Limpopo,0.0
-21.02081298828125,28.6251220703125,1061555620,479.4,479.4,7789.6,553,146.922,21.755,772.9,102,1,0,1,0,2,1,3,2,2775,2316,500,2468.039,21964.277,45947.734,222735.734,519,532,979,151,1577,38,18,77,13,104,223,201,173,257,257,253,243,228,199,174,174,192,217,238,246,256,646,498,130,128,74,34,16,9,7,6,16,38,79,111,1681,1686,182,149,149,124,105,87,94,117,142,171,173,187,540,420,75,74,75,55,39,27,24,24,23,28,38,59,40,30,-60,-70,-28,-15,-49,-71,-84,-89,-92,-95,-88,-77,-53,-39,0,0,0,0,0,0,0,0,0,0,0,0,0,0,0,2,4,44,31,0,0,0,0,0,0,0,0,10,2,0,0,7,0,0,0,0,0,0,0,3,21,0,0,0,0,0,0,0,0,26,10,0,0,40,0,0,0,0,0,1,9,10,6,0,0,0,0,0,0,84,0,0,0,0,0,0,0,0,0,0,0,0,0,0,93,2,0,4,0,0,0,3,2,0,1,0,0,0,1,1,0,0,0,0,0,0,0,0,0,0,0,0,24,7,12,39,45,0,1,0,0,0,0,35,11,7,65,8,576,26,24,20,17,54,58,17,12,33,25,41,50,53,47,39,33,27,22,18,17,21,30,3,21,25,2447,2648,658.387,11527.551,84.544,47.906,7,2,414,300,197,278,106,79,85,77,209,10727,9402590208,177784635392,556,3.0,Middle Limpopo,0.0
-20.02081298828125,28.6251220703125,1061555620,479.4,479.4,7789.6,553,146.922,21.755,772.9,102,1,0,1,0,2,1,3,2,2775,2316,500,2468.039,21964.277,45947.734,222735.734,519,532,979,151,1577,38,18,77,13,104,223,201,173,257,257,253,243,228,199,174,174,192,217,238,246,256,646,498,130,128,74,34,16,9,7,6,16,38,79,111,1681,1686,182,149,149,124,105,87,94,117,142,171,173,187,540,420,75,74,75,55,39,27,24,24,23,28,38,59,40,30,-60,-70,-28,-15,-49,-71,-84,-89,-92,-95,-88,-77,-53,-39,0,0,0,0,0,0,0,0,0,0,0,0,0,0,0,2,4,44,31,0,0,0,0,0,0,0,0,10,2,0,0,7,0,0,0,0,0,0,0,3,21,0,0,0,0,0,0,0,0,26,10,0,0,40,0,0,0,0,0,1,9,10,6,0,0,0,0,0,0,84,0,0,0,0,0,0,0,0,0,0,0,0,0,0,93,2,0,4,0,0,0,3,2,0,1,0,0,0,1,1,0,0,0,0,0,0,0,0,0,0,0,0,24,7,12,39,45,0,1,0,0,0,0,35,11,7,65,8,576,26,24,20,17,54,58,17,12,33,25,41,50,53,47,39,33,27,22,18,17,21,30,3,21,25,2447,2648,658.387,11527.551,84.544,47.906,7,2,414,300,197,278,106,79,85,77,209,10727,9402590208,177784635392,556,3.0,Middle Limpopo,0.0
-24.02081298828125,29.6251220703125,1061555620,479.4,479.4,7789.6,553,146.922,21.755,772.9,102,1,0,1,0,2,1,3,2,2775,2316,500,2468.039,21964.277,45947.734,222735.734,519,532,979,151,1577,38,18,77,13,104,223,201,173,257,257,253,243,228,199,174,174,192,217,238,246,256,646,498,130,128,74,34,16,9,7,6,16,38,79,111,1681,1686,182,149,149,124,105,87,94,117,142,171,173,187,540,420,75,74,75,55,39,27,24,24,23,28,38,59,40,30,-60,-70,-28,-15,-49,-71,-84,-89,-92,-95,-88,-77,-53,-39,0,0,0,0,0,0,0,0,0,0,0,0,0,0,0,2,4,44,31,0,0,0,0,0,0,0,0,10,2,0,0,7,0,0,0,0,0,0,0,3,21,0,0,0,0,0,0,0,0,26,10,0,0,40,0,0,0,0,0,1,9,10,6,0,0,0,0,0,0,84,0,0,0,0,0,0,0,0,0,0,0,0,0,0,93,2,0,4,0,0,0,3,2,0,1,0,0,0,1,1,0,0,0,0,0,0,0,0,0,0,0,0,24,7,12,39,45,0,1,0,0,0,0,35,11,7,65,8,576,26,24,20,17,54,58,17,12,33,25,41,50,53,47,39,33,27,22,18,17,21,30,3,21,25,2447,2648,658.387,11527.551,84.544,47.906,7,2,414,300,197,278,106,79,85,77,209,10727,9402590208,177784635392,556,3.0,Middle Limpopo,0.0
-23.02081298828125,29.6251220703125,1061555620,479.4,479.4,7789.6,553,146.922,21.755,772.9,102,1,0,1,0,2,1,3,2,2775,2316,500,2468.039,21964.277,45947.734,222735.734,519,532,979,151,1577,38,18,77,13,104,223,201,173,257,257,253,243,228,199,174,174,192,217,238,246,256,646,498,130,128,74,34,16,9,7,6,16,38,79,111,1681,1686,182,149,149,124,105,87,94,117,142,171,173,187,540,420,75,74,75,55,39,27,24,24,23,28,38,59,40,30,-60,-70,-28,-15,-49,-71,-84,-89,-92,-95,-88,-77,-53,-39,0,0,0,0,0,0,0,0,0,0,0,0,0,0,0,2,4,44,31,0,0,0,0,0,0,0,0,10,2,0,0,7,0,0,0,0,0,0,0,3,21,0,0,0,0,0,0,0,0,26,10,0,0,40,0,0,0,0,0,1,9,10,6,0,0,0,0,0,0,84,0,0,0,0,0,0,0,0,0,0,0,0,0,0,93,2,0,4,0,0,0,3,2,0,1,0,0,0,1,1,0,0,0,0,0,0,0,0,0,0,0,0,24,7,12,39,45,0,1,0,0,0,0,35,11,7,65,8,576,26,24,20,17,54,58,17,12,33,25,41,50,53,47,39,33,27,22,18,17,21,30,3,21,25,2447,2648,658.387,11527.551,84.544,47.906,7,2,414,300,197,278,106,79,85,77,209,10727,9402590208,177784635392,556,3.0,Middle Limpopo,0.0
-22.02081298828125,29.6251220703125,1061555620,479.4,479.4,7789.6,553,146.922,21.755,772.9,102,1,0,1,0,2,1,3,2,2775,2316,500,2468.039,21964.277,45947.734,222735.734,519,532,979,151,1577,38,18,77,13,104,223,201,173,257,257,253,243,228,199,174,174,192,217,238,246,256,646,498,130,128,74,34,16,9,7,6,16,38,79,111,1681,1686,182,149,149,124,105,87,94,117,142,171,173,187,540,420,75,74,75,55,39,27,24,24,23,28,38,59,40,30,-60,-70,-28,-15,-49,-71,-84,-89,-92,-95,-88,-77,-53,-39,0,0,0,0,0,0,0,0,0,0,0,0,0,0,0,2,4,44,31,0,0,0,0,0,0,0,0,10,2,0,0,7,0,0,0,0,0,0,0,3,21,0,0,0,0,0,0,0,0,26,10,0,0,40,0,0,0,0,0,1,9,10,6,0,0,0,0,0,0,84,0,0,0,0,0,0,0,0,0,0,0,0,0,0,93,2,0,4,0,0,0,3,2,0,1,0,0,0,1,1,0,0,0,0,0,0,0,0,0,0,0,0,24,7,12,39,45,0,1,0,0,0,0,35,11,7,65,8,576,26,24,20,17,54,58,17,12,33,25,41,50,53,47,39,33,27,22,18,17,21,30,3,21,25,2447,2648,658.387,11527.551,84.544,47.906,7,2,414,300,197,278,106,79,85,77,209,10727,9402590208,177784635392,556,3.0,Middle Limpopo,0.0
-21.02081298828125,29.6251220703125,1061555620,479.4,479.4,7789.6,553,146.922,21.755,772.9,102,1,0,1,0,2,1,3,2,2775,2316,500,2468.039,21964.277,45947.734,222735.734,519,532,979,151,1577,38,18,77,13,104,223,201,173,257,257,253,243,228,199,174,174,192,217,238,246,256,646,498,130,128,74,34,16,9,7,6,16,38,79,111,1681,1686,182,149,149,124,105,87,94,117,142,171,173,187,540,420,75,74,75,55,39,27,24,24,23,28,38,59,40,30,-60,-70,-28,-15,-49,-71,-84,-89,-92,-95,-88,-77,-53,-39,0,0,0,0,0,0,0,0,0,0,0,0,0,0,0,2,4,44,31,0,0,0,0,0,0,0,0,10,2,0,0,7,0,0,0,0,0,0,0,3,21,0,0,0,0,0,0,0,0,26,10,0,0,40,0,0,0,0,0,1,9,10,6,0,0,0,0,0,0,84,0,0,0,0,0,0,0,0,0,0,0,0,0,0,93,2,0,4,0,0,0,3,2,0,1,0,0,0,1,1,0,0,0,0,0,0,0,0,0,0,0,0,24,7,12,39,45,0,1,0,0,0,0,35,11,7,65,8,576,26,24,20,17,54,58,17,12,33,25,41,50,53,47,39,33,27,22,18,17,21,30,3,21,25,2447,2648,658.387,11527.551,84.544,47.906,7,2,414,300,197,278,106,79,85,77,209,10727,9402590208,177784635392,556,3.0,Middle Limpopo,0.0
-20.02081298828125,29.6251220703125,1061555620,479.4,479.4,7789.6,553,146.922,21.755,772.9,102,1,0,1,0,2,1,3,2,2775,2316,500,2468.039,21964.277,45947.734,222735.734,519,532,979,151,1577,38,18,77,13,104,223,201,173,257,257,253,243,228,199,174,174,192,217,238,246,256,646,498,130,128,74,34,16,9,7,6,16,38,79,111,1681,1686,182,149,149,124,105,87,94,117,142,171,173,187,540,420,75,74,75,55,39,27,24,24,23,28,38,59,40,30,-60,-70,-28,-15,-49,-71,-84,-89,-92,-95,-88,-77,-53,-39,0,0,0,0,0,0,0,0,0,0,0,0,0,0,0,2,4,44,31,0,0,0,0,0,0,0,0,10,2,0,0,7,0,0,0,0,0,0,0,3,21,0,0,0,0,0,0,0,0,26,10,0,0,40,0,0,0,0,0,1,9,10,6,0,0,0,0,0,0,84,0,0,0,0,0,0,0,0,0,0,0,0,0,0,93,2,0,4,0,0,0,3,2,0,1,0,0,0,1,1,0,0,0,0,0,0,0,0,0,0,0,0,24,7,12,39,45,0,1,0,0,0,0,35,11,7,65,8,576,26,24,20,17,54,58,17,12,33,25,41,50,53,47,39,33,27,22,18,17,21,30,3,21,25,2447,2648,658.387,11527.551,84.544,47.906,7,2,414,300,197,278,106,79,85,77,209,10727,9402590208,177784635392,556,3.0,Middle Limpopo,0.0
-23.02081298828125,30.6251220703125,1061555620,479.4,479.4,7789.6,553,146.922,21.755,772.9,102,1,0,1,0,2,1,3,2,2775,2316,500,2468.039,21964.277,45947.734,222735.734,519,532,979,151,1577,38,18,77,13,104,223,201,173,257,257,253,243,228,199,174,174,192,217,238,246,256,646,498,130,128,74,34,16,9,7,6,16,38,79,111,1681,1686,182,149,149,124,105,87,94,117,142,171,173,187,540,420,75,74,75,55,39,27,24,24,23,28,38,59,40,30,-60,-70,-28,-15,-49,-71,-84,-89,-92,-95,-88,-77,-53,-39,0,0,0,0,0,0,0,0,0,0,0,0,0,0,0,2,4,44,31,0,0,0,0,0,0,0,0,10,2,0,0,7,0,0,0,0,0,0,0,3,21,0,0,0,0,0,0,0,0,26,10,0,0,40,0,0,0,0,0,1,9,10,6,0,0,0,0,0,0,84,0,0,0,0,0,0,0,0,0,0,0,0,0,0,93,2,0,4,0,0,0,3,2,0,1,0,0,0,1,1,0,0,0,0,0,0,0,0,0,0,0,0,24,7,12,39,45,0,1,0,0,0,0,35,11,7,65,8,576,26,24,20,17,54,58,17,12,33,25,41,50,53,47,39,33,27,22,18,17,21,30,3,21,25,2447,2648,658.387,11527.551,84.544,47.906,7,2,414,300,197,278,106,79,85,77,209,10727,9402590208,177784635392,556,3.0,Middle Limpopo,0.0
-22.02081298828125,30.6251220703125,1061555620,479.4,479.4,7789.6,553,146.922,21.755,772.9,102,1,0,1,0,2,1,3,2,2775,2316,500,2468.039,21964.277,45947.734,222735.734,519,532,979,151,1577,38,18,77,13,104,223,201,173,257,257,253,243,228,199,174,174,192,217,238,246,256,646,498,130,128,74,34,16,9,7,6,16,38,79,111,1681,1686,182,149,149,124,105,87,94,117,142,171,173,187,540,420,75,74,75,55,39,27,24,24,23,28,38,59,40,30,-60,-70,-28,-15,-49,-71,-84,-89,-92,-95,-88,-77,-53,-39,0,0,0,0,0,0,0,0,0,0,0,0,0,0,0,2,4,44,31,0,0,0,0,0,0,0,0,10,2,0,0,7,0,0,0,0,0,0,0,3,21,0,0,0,0,0,0,0,0,26,10,0,0,40,0,0,0,0,0,1,9,10,6,0,0,0,0,0,0,84,0,0,0,0,0,0,0,0,0,0,0,0,0,0,93,2,0,4,0,0,0,3,2,0,1,0,0,0,1,1,0,0,0,0,0,0,0,0,0,0,0,0,24,7,12,39,45,0,1,0,0,0,0,35,11,7,65,8,576,26,24,20,17,54,58,17,12,33,25,41,50,53,47,39,33,27,22,18,17,21,30,3,21,25,2447,2648,658.387,11527.551,84.544,47.906,7,2,414,300,197,278,106,79,85,77,209,10727,9402590208,177784635392,556,3.0,Middle Limpopo,0.0
-21.02081298828125,30.6251220703125,1061555620,479.4,479.4,7789.6,553,146.922,21.755,772.9,102,1,0,1,0,2,1,3,2,2775,2316,500,2468.039,21964.277,45947.734,222735.734,519,532,979,151,1577,38,18,77,13,104,223,201,173,257,257,253,243,228,199,174,174,192,217,238,246,256,646,498,130,128,74,34,16,9,7,6,16,38,79,111,1681,1686,182,149,149,124,105,87,94,117,142,171,173,187,540,420,75,74,75,55,39,27,24,24,23,28,38,59,40,30,-60,-70,-28,-15,-49,-71,-84,-89,-92,-95,-88,-77,-53,-39,0,0,0,0,0,0,0,0,0,0,0,0,0,0,0,2,4,44,31,0,0,0,0,0,0,0,0,10,2,0,0,7,0,0,0,0,0,0,0,3,21,0,0,0,0,0,0,0,0,26,10,0,0,40,0,0,0,0,0,1,9,10,6,0,0,0,0,0,0,84,0,0,0,0,0,0,0,0,0,0,0,0,0,0,93,2,0,4,0,0,0,3,2,0,1,0,0,0,1,1,0,0,0,0,0,0,0,0,0,0,0,0,24,7,12,39,45,0,1,0,0,0,0,35,11,7,65,8,576,26,24,20,17,54,58,17,12,33,25,41,50,53,47,39,33,27,22,18,17,21,30,3,21,25,2447,2648,658.387,11527.551,84.544,47.906,7,2,414,300,197,278,106,79,85,77,209,10727,9402590208,177784635392,556,3.0,Middle Limpopo,0.0
-23.02081298828125,31.6251220703125,1061555620,479.4,479.4,7789.6,553,146.922,21.755,772.9,102,1,0,1,0,2,1,3,2,2775,2316,500,2468.039,21964.277,45947.734,222735.734,519,532,979,151,1577,38,18,77,13,104,223,201,173,257,257,253,243,228,199,174,174,192,217,238,246,256,646,498,130,128,74,34,16,9,7,6,16,38,79,111,1681,1686,182,149,149,124,105,87,94,117,142,171,173,187,540,420,75,74,75,55,39,27,24,24,23,28,38,59,40,30,-60,-70,-28,-15,-49,-71,-84,-89,-92,-95,-88,-77,-53,-39,0,0,0,0,0,0,0,0,0,0,0,0,0,0,0,2,4,44,31,0,0,0,0,0,0,0,0,10,2,0,0,7,0,0,0,0,0,0,0,3,21,0,0,0,0,0,0,0,0,26,10,0,0,40,0,0,0,0,0,1,9,10,6,0,0,0,0,0,0,84,0,0,0,0,0,0,0,0,0,0,0,0,0,0,93,2,0,4,0,0,0,3,2,0,1,0,0,0,1,1,0,0,0,0,0,0,0,0,0,0,0,0,24,7,12,39,45,0,1,0,0,0,0,35,11,7,65,8,576,26,24,20,17,54,58,17,12,33,25,41,50,53,47,39,33,27,22,18,17,21,30,3,21,25,2447,2648,658.387,11527.551,84.544,47.906,7,2,414,300,197,278,106,79,85,77,209,10727,9402590208,177784635392,556,3.0,Middle Limpopo,0.0
-22.02081298828125,31.6251220703125,1061555620,479.4,479.4,7789.6,553,146.922,21.755,772.9,102,1,0,1,0,2,1,3,2,2775,2316,500,2468.039,21964.277,45947.734,222735.734,519,532,979,151,1577,38,18,77,13,104,223,201,173,257,257,253,243,228,199,174,174,192,217,238,246,256,646,498,130,128,74,34,16,9,7,6,16,38,79,111,1681,1686,182,149,149,124,105,87,94,117,142,171,173,187,540,420,75,74,75,55,39,27,24,24,23,28,38,59,40,30,-60,-70,-28,-15,-49,-71,-84,-89,-92,-95,-88,-77,-53,-39,0,0,0,0,0,0,0,0,0,0,0,0,0,0,0,2,4,44,31,0,0,0,0,0,0,0,0,10,2,0,0,7,0,0,0,0,0,0,0,3,21,0,0,0,0,0,0,0,0,26,10,0,0,40,0,0,0,0,0,1,9,10,6,0,0,0,0,0,0,84,0,0,0,0,0,0,0,0,0,0,0,0,0,0,93,2,0,4,0,0,0,3,2,0,1,0,0,0,1,1,0,0,0,0,0,0,0,0,0,0,0,0,24,7,12,39,45,0,1,0,0,0,0,35,11,7,65,8,576,26,24,20,17,54,58,17,12,33,25,41,50,53,47,39,33,27,22,18,17,21,30,3,21,25,2447,2648,658.387,11527.551,84.544,47.906,7,2,414,300,197,278,106,79,85,77,209,10727,9402590208,177784635392,556,3.0,Middle Limpopo,0.0
-21.02081298828125,31.6251220703125,1061555620,479.4,479.4,7789.6,553,146.922,21.755,772.9,102,1,0,1,0,2,1,3,2,2775,2316,500,2468.039,21964.277,45947.734,222735.734,519,532,979,151,1577,38,18,77,13,104,223,201,173,257,257,253,243,228,199,174,174,192,217,238,246,256,646,498,130,128,74,34,16,9,7,6,16,38,79,111,1681,1686,182,149,149,124,105,87,94,117,142,171,173,187,540,420,75,74,75,55,39,27,24,24,23,28,38,59,40,30,-60,-70,-28,-15,-49,-71,-84,-89,-92,-95,-88,-77,-53,-39,0,0,0,0,0,0,0,0,0,0,0,0,0,0,0,2,4,44,31,0,0,0,0,0,0,0,0,10,2,0,0,7,0,0,0,0,0,0,0,3,21,0,0,0,0,0,0,0,0,26,10,0,0,40,0,0,0,0,0,1,9,10,6,0,0,0,0,0,0,84,0,0,0,0,0,0,0,0,0,0,0,0,0,0,93,2,0,4,0,0,0,3,2,0,1,0,0,0,1,1,0,0,0,0,0,0,0,0,0,0,0,0,24,7,12,39,45,0,1,0,0,0,0,35,11,7,65,8,576,26,24,20,17,54,58,17,12,33,25,41,50,53,47,39,33,27,22,18,17,21,30,3,21,25,2447,2648,658.387,11527.551,84.544,47.906,7,2,414,300,197,278,106,79,85,77,209,10727,9402590208,177784635392,556,3.0,Middle Limpopo,0.0
-23.02081298828125,31.6251220703125,1061584780,97.2,97.2,2422.9,538,239.844,48.803,1107.812,80,9,1,22,1,52,2,5,2,7263,6400,846,2528.507,41912.457,95208.906,564115.688,55,44,928,8,117,2,22,10,18,109,238,201,188,272,272,269,258,243,215,191,188,207,230,248,261,270,701,538,115,127,79,51,33,25,18,17,22,39,73,102,1771,1670,198,164,160,126,105,86,93,118,147,180,190,205,593,454,74,75,75,55,42,31,31,33,34,37,45,62,40,33,-60,-67,-42,-23,-50,-59,-68,-70,-80,-86,-85,-78,-61,-50,0,0,0,0,0,0,0,0,0,0,0,0,0,0,0,3,0,15,53,0,0,0,0,0,0,0,0,15,15,0,0,1,0,0,0,0,0,0,0,6,24,0,0,0,0,0,0,0,0,25,10,0,0,34,0,0,0,0,0,1,9,0,3,0,0,0,0,0,0,97,0,0,0,0,0,0,1,1,0,0,0,0,0,0,93,3,0,3,0,0,0,4,47,1,42,1,1,0,4,42,0,0,0,0,0,0,1,0,0,0,0,0,30,9,12,70,46,11,1,0,0,0,0,0,20,7,48,8,576,21,25,17,18,62,57,14,13,34,27,36,44,47,44,41,37,33,28,24,21,23,29,1,32,27,2693,3448,203.617,16450.225,88.735,47.679,3,2,156,300,198,253,136,88,122,80,153,984,311992576,244889042944,418,5.0,Lower Limpopo,0.0
-25.02081298828125,32.6251220703125,1061584780,97.2,97.2,2422.9,538,239.844,48.803,1107.812,80,9,1,22,1,52,2,5,2,7263,6400,846,2528.507,41912.457,95208.906,564115.688,55,44,928,8,117,2,22,10,18,109,238,201,188,272,272,269,258,243,215,191,188,207,230,248,261,270,701,538,115,127,79,51,33,25,18,17,22,39,73,102,1771,1670,198,164,160,126,105,86,93,118,147,180,190,205,593,454,74,75,75,55,42,31,31,33,34,37,45,62,40,33,-60,-67,-42,-23,-50,-59,-68,-70,-80,-86,-85,-78,-61,-50,0,0,0,0,0,0,0,0,0,0,0,0,0,0,0,3,0,15,53,0,0,0,0,0,0,0,0,15,15,0,0,1,0,0,0,0,0,0,0,6,24,0,0,0,0,0,0,0,0,25,10,0,0,34,0,0,0,0,0,1,9,0,3,0,0,0,0,0,0,97,0,0,0,0,0,0,1,1,0,0,0,0,0,0,93,3,0,3,0,0,0,4,47,1,42,1,1,0,4,42,0,0,0,0,0,0,1,0,0,0,0,0,30,9,12,70,46,11,1,0,0,0,0,0,20,7,48,8,576,21,25,17,18,62,57,14,13,34,27,36,44,47,44,41,37,33,28,24,21,23,29,1,32,27,2693,3448,203.617,16450.225,88.735,47.679,3,2,156,300,198,253,136,88,122,80,153,984,311992576,244889042944,418,5.0,Lower Limpopo,0.0
-24.02081298828125,32.6251220703125,1061584780,97.2,97.2,2422.9,538,239.844,48.803,1107.812,80,9,1,22,1,52,2,5,2,7263,6400,846,2528.507,41912.457,95208.906,564115.688,55,44,928,8,117,2,22,10,18,109,238,201,188,272,272,269,258,243,215,191,188,207,230,248,261,270,701,538,115,127,79,51,33,25,18,17,22,39,73,102,1771,1670,198,164,160,126,105,86,93,118,147,180,190,205,593,454,74,75,75,55,42,31,31,33,34,37,45,62,40,33,-60,-67,-42,-23,-50,-59,-68,-70,-80,-86,-85,-78,-61,-50,0,0,0,0,0,0,0,0,0,0,0,0,0,0,0,3,0,15,53,0,0,0,0,0,0,0,0,15,15,0,0,1,0,0,0,0,0,0,0,6,24,0,0,0,0,0,0,0,0,25,10,0,0,34,0,0,0,0,0,1,9,0,3,0,0,0,0,0,0,97,0,0,0,0,0,0,1,1,0,0,0,0,0,0,93,3,0,3,0,0,0,4,47,1,42,1,1,0,4,42,0,0,0,0,0,0,1,0,0,0,0,0,30,9,12,70,46,11,1,0,0,0,0,0,20,7,48,8,576,21,25,17,18,62,57,14,13,34,27,36,44,47,44,41,37,33,28,24,21,23,29,1,32,27,2693,3448,203.617,16450.225,88.735,47.679,3,2,156,300,198,253,136,88,122,80,153,984,311992576,244889042944,418,5.0,Lower Limpopo,0.0
-23.02081298828125,32.6251220703125,1061584780,97.2,97.2,2422.9,538,239.844,48.803,1107.812,80,9,1,22,1,52,2,5,2,7263,6400,846,2528.507,41912.457,95208.906,564115.688,55,44,928,8,117,2,22,10,18,109,238,201,188,272,272,269,258,243,215,191,188,207,230,248,261,270,701,538,115,127,79,51,33,25,18,17,22,39,73,102,1771,1670,198,164,160,126,105,86,93,118,147,180,190,205,593,454,74,75,75,55,42,31,31,33,34,37,45,62,40,33,-60,-67,-42,-23,-50,-59,-68,-70,-80,-86,-85,-78,-61,-50,0,0,0,0,0,0,0,0,0,0,0,0,0,0,0,3,0,15,53,0,0,0,0,0,0,0,0,15,15,0,0,1,0,0,0,0,0,0,0,6,24,0,0,0,0,0,0,0,0,25,10,0,0,34,0,0,0,0,0,1,9,0,3,0,0,0,0,0,0,97,0,0,0,0,0,0,1,1,0,0,0,0,0,0,93,3,0,3,0,0,0,4,47,1,42,1,1,0,4,42,0,0,0,0,0,0,1,0,0,0,0,0,30,9,12,70,46,11,1,0,0,0,0,0,20,7,48,8,576,21,25,17,18,62,57,14,13,34,27,36,44,47,44,41,37,33,28,24,21,23,29,1,32,27,2693,3448,203.617,16450.225,88.735,47.679,3,2,156,300,198,253,136,88,122,80,153,984,311992576,244889042944,418,5.0,Lower Limpopo,0.0
-25.02081298828125,33.6251220703125,1061584780,97.2,97.2,2422.9,538,239.844,48.803,1107.812,80,9,1,22,1,52,2,5,2,7263,6400,846,2528.507,41912.457,95208.906,564115.688,55,44,928,8,117,2,22,10,18,109,238,201,188,272,272,269,258,243,215,191,188,207,230,248,261,270,701,538,115,127,79,51,33,25,18,17,22,39,73,102,1771,1670,198,164,160,126,105,86,93,118,147,180,190,205,593,454,74,75,75,55,42,31,31,33,34,37,45,62,40,33,-60,-67,-42,-23,-50,-59,-68,-70,-80,-86,-85,-78,-61,-50,0,0,0,0,0,0,0,0,0,0,0,0,0,0,0,3,0,15,53,0,0,0,0,0,0,0,0,15,15,0,0,1,0,0,0,0,0,0,0,6,24,0,0,0,0,0,0,0,0,25,10,0,0,34,0,0,0,0,0,1,9,0,3,0,0,0,0,0,0,97,0,0,0,0,0,0,1,1,0,0,0,0,0,0,93,3,0,3,0,0,0,4,47,1,42,1,1,0,4,42,0,0,0,0,0,0,1,0,0,0,0,0,30,9,12,70,46,11,1,0,0,0,0,0,20,7,48,8,576,21,25,17,18,62,57,14,13,34,27,36,44,47,44,41,37,33,28,24,21,23,29,1,32,27,2693,3448,203.617,16450.225,88.735,47.679,3,2,156,300,198,253,136,88,122,80,153,984,311992576,244889042944,418,5.0,Lower Limpopo,0.0
-24.02081298828125,33.6251220703125,1061584780,97.2,97.2,2422.9,538,239.844,48.803,1107.812,80,9,1,22,1,52,2,5,2,7263,6400,846,2528.507,41912.457,95208.906,564115.688,55,44,928,8,117,2,22,10,18,109,238,201,188,272,272,269,258,243,215,191,188,207,230,248,261,270,701,538,115,127,79,51,33,25,18,17,22,39,73,102,1771,1670,198,164,160,126,105,86,93,118,147,180,190,205,593,454,74,75,75,55,42,31,31,33,34,37,45,62,40,33,-60,-67,-42,-23,-50,-59,-68,-70,-80,-86,-85,-78,-61,-50,0,0,0,0,0,0,0,0,0,0,0,0,0,0,0,3,0,15,53,0,0,0,0,0,0,0,0,15,15,0,0,1,0,0,0,0,0,0,0,6,24,0,0,0,0,0,0,0,0,25,10,0,0,34,0,0,0,0,0,1,9,0,3,0,0,0,0,0,0,97,0,0,0,0,0,0,1,1,0,0,0,0,0,0,93,3,0,3,0,0,0,4,47,1,42,1,1,0,4,42,0,0,0,0,0,0,1,0,0,0,0,0,30,9,12,70,46,11,1,0,0,0,0,0,20,7,48,8,576,21,25,17,18,62,57,14,13,34,27,36,44,47,44,41,37,33,28,24,21,23,29,1,32,27,2693,3448,203.617,16450.225,88.735,47.679,3,2,156,300,198,253,136,88,122,80,153,984,311992576,244889042944,418,5.0,Lower Limpopo,0.0
